match_id,venue,innings,batting_team,bowling_team,runs,balls
1082591,Rajiv Gandhi International Stadium,1,Hyderabad,Bangalore,59,38.0
1082591,Rajiv Gandhi International Stadium,2,Bangalore,Hyderabad,54,38.0
1082592,Maharashtra Cricket Association Stadium,1,Mumbai,Pune,61,37.0
1082592,Maharashtra Cricket Association Stadium,2,Pune,Mumbai,59,37.0
1082593,Saurashtra Cricket Association Stadium,1,Gujarat,Kolkata,52,37.0
1082593,Saurashtra Cricket Association Stadium,2,Kolkata,Gujarat,73,38.0
1082594,Holkar Cricket Stadium,1,Pune,Punjab,35,36.0
1082594,Holkar Cricket Stadium,2,Punjab,Pune,56,38.0
1082595,M Chinnaswamy Stadium,1,Bangalore,Delhi,41,38.0
1082595,M Chinnaswamy Stadium,2,Delhi,Bangalore,43,37.0
1082596,Rajiv Gandhi International Stadium,1,Gujarat,Hyderabad,40,36.0
1082596,Rajiv Gandhi International Stadium,2,Hyderabad,Gujarat,59,36.0
1082597,Wankhede Stadium,1,Kolkata,Mumbai,59,42.0
1082597,Wankhede Stadium,2,Mumbai,Kolkata,49,42.0
1082598,Holkar Cricket Stadium,1,Bangalore,Punjab,23,36.0
1082598,Holkar Cricket Stadium,2,Punjab,Bangalore,62,37.0
1082599,Maharashtra Cricket Association Stadium,1,Delhi,Pune,62,40.0
1082599,Maharashtra Cricket Association Stadium,2,Pune,Delhi,50,39.0
1082600,Wankhede Stadium,1,Hyderabad,Mumbai,34,36.0
1082600,Wankhede Stadium,2,Mumbai,Hyderabad,61,36.0
1082601,Eden Gardens,1,Punjab,Kolkata,57,41.0
1082601,Eden Gardens,2,Kolkata,Punjab,76,39.0
1082602,M Chinnaswamy Stadium,1,Bangalore,Mumbai,41,38.0
1082602,M Chinnaswamy Stadium,2,Mumbai,Bangalore,21,37.0
1082603,Saurashtra Cricket Association Stadium,1,Pune,Gujarat,64,38.0
1082603,Saurashtra Cricket Association Stadium,2,Gujarat,Pune,61,37.0
1082604,Eden Gardens,1,Kolkata,Hyderabad,40,38.0
1082604,Eden Gardens,2,Hyderabad,Kolkata,45,37.0
1082605,Feroz Shah Kotla,1,Delhi,Punjab,49,36.0
1082605,Feroz Shah Kotla,2,Punjab,Delhi,40,36.0
1082606,Wankhede Stadium,1,Gujarat,Mumbai,46,38.0
1082606,Wankhede Stadium,2,Mumbai,Gujarat,56,42.0
1082607,M Chinnaswamy Stadium,1,Pune,Bangalore,55,37.0
1082607,M Chinnaswamy Stadium,2,Bangalore,Pune,42,36.0
1082608,Feroz Shah Kotla,1,Delhi,Kolkata,53,36.0
1082608,Feroz Shah Kotla,2,Kolkata,Delhi,49,36.0
1082609,Rajiv Gandhi International Stadium,1,Hyderabad,Punjab,29,38.0
1082609,Rajiv Gandhi International Stadium,2,Punjab,Hyderabad,51,38.0
1082610,Saurashtra Cricket Association Stadium,1,Bangalore,Gujarat,45,36.0
1082610,Saurashtra Cricket Association Stadium,2,Gujarat,Bangalore,57,37.0
1082611,Rajiv Gandhi International Stadium,1,Hyderabad,Delhi,39,37.0
1082611,Rajiv Gandhi International Stadium,2,Delhi,Hyderabad,56,36.0
1082612,Holkar Cricket Stadium,1,Punjab,Mumbai,46,36.0
1082612,Holkar Cricket Stadium,2,Mumbai,Punjab,82,38.0
1082613,Eden Gardens,1,Kolkata,Gujarat,65,36.0
1082613,Eden Gardens,2,Gujarat,Kolkata,72,37.0
1082614,Wankhede Stadium,1,Mumbai,Delhi,48,40.0
1082614,Wankhede Stadium,2,Delhi,Mumbai,23,38.0
1082615,Maharashtra Cricket Association Stadium,1,Hyderabad,Pune,45,38.0
1082615,Maharashtra Cricket Association Stadium,2,Pune,Hyderabad,55,36.0
1082616,Saurashtra Cricket Association Stadium,1,Punjab,Gujarat,50,36.0
1082616,Saurashtra Cricket Association Stadium,2,Gujarat,Punjab,50,36.0
1082617,Eden Gardens,1,Kolkata,Bangalore,65,38.0
1082617,Eden Gardens,2,Bangalore,Kolkata,39,39.0
1082618,Wankhede Stadium,1,Pune,Mumbai,48,37.0
1082618,Wankhede Stadium,2,Mumbai,Pune,44,37.0
1082620,Maharashtra Cricket Association Stadium,1,Pune,Kolkata,57,39.0
1082620,Maharashtra Cricket Association Stadium,2,Kolkata,Pune,45,38.0
1082621,M Chinnaswamy Stadium,1,Bangalore,Gujarat,35,38.0
1082621,M Chinnaswamy Stadium,2,Gujarat,Bangalore,49,38.0
1082622,Eden Gardens,1,Delhi,Kolkata,53,37.0
1082622,Eden Gardens,2,Kolkata,Delhi,47,36.0
1082623,Punjab Cricket Association IS Bindra Stadium,1,Hyderabad,Punjab,60,36.0
1082623,Punjab Cricket Association IS Bindra Stadium,2,Punjab,Hyderabad,59,36.0
1082624,Maharashtra Cricket Association Stadium,1,Pune,Bangalore,43,37.0
1082624,Maharashtra Cricket Association Stadium,2,Bangalore,Pune,39,37.0
1082625,Saurashtra Cricket Association Stadium,1,Gujarat,Mumbai,48,39.0
1082625,Saurashtra Cricket Association Stadium,2,Mumbai,Gujarat,61,36.0
1082626,Punjab Cricket Association IS Bindra Stadium,1,Delhi,Punjab,25,37.0
1082626,Punjab Cricket Association IS Bindra Stadium,2,Punjab,Delhi,50,38.0
1082627,Rajiv Gandhi International Stadium,1,Hyderabad,Kolkata,79,39.0
1082627,Rajiv Gandhi International Stadium,2,Kolkata,Hyderabad,44,36.0
1082628,Wankhede Stadium,1,Bangalore,Mumbai,52,37.0
1082628,Wankhede Stadium,2,Mumbai,Bangalore,55,37.0
1082629,Maharashtra Cricket Association Stadium,1,Gujarat,Pune,55,36.0
1082629,Maharashtra Cricket Association Stadium,2,Pune,Gujarat,43,38.0
1082630,Feroz Shah Kotla,1,Hyderabad,Delhi,66,36.0
1082630,Feroz Shah Kotla,2,Delhi,Hyderabad,62,36.0
1082631,Eden Gardens,1,Kolkata,Pune,41,36.0
1082631,Eden Gardens,2,Pune,Kolkata,74,38.0
1082632,Feroz Shah Kotla,1,Gujarat,Delhi,58,36.0
1082632,Feroz Shah Kotla,2,Delhi,Gujarat,63,38.0
1082633,M Chinnaswamy Stadium,1,Punjab,Bangalore,35,36.0
1082633,M Chinnaswamy Stadium,2,Bangalore,Punjab,46,36.0
1082634,Rajiv Gandhi International Stadium,1,Pune,Hyderabad,35,37.0
1082634,Rajiv Gandhi International Stadium,2,Hyderabad,Pune,47,36.0
1082635,Feroz Shah Kotla,1,Mumbai,Delhi,60,38.0
1082635,Feroz Shah Kotla,2,Delhi,Mumbai,35,36.0
1082636,M Chinnaswamy Stadium,1,Bangalore,Kolkata,40,37.0
1082636,M Chinnaswamy Stadium,2,Kolkata,Bangalore,105,38.0
1082637,Punjab Cricket Association IS Bindra Stadium,1,Punjab,Gujarat,44,38.0
1082637,Punjab Cricket Association IS Bindra Stadium,2,Gujarat,Punjab,58,37.0
1082638,Rajiv Gandhi International Stadium,1,Mumbai,Hyderabad,36,38.0
1082638,Rajiv Gandhi International Stadium,2,Hyderabad,Mumbai,43,36.0
1082639,Punjab Cricket Association IS Bindra Stadium,1,Punjab,Kolkata,41,38.0
1082639,Punjab Cricket Association IS Bindra Stadium,2,Kolkata,Punjab,61,36.0
1082640,Green Park,1,Gujarat,Delhi,50,38.0
1082640,Green Park,2,Delhi,Gujarat,64,36.0
1082641,Wankhede Stadium,1,Punjab,Mumbai,71,39.0
1082641,Wankhede Stadium,2,Mumbai,Punjab,68,38.0
1082642,Feroz Shah Kotla,1,Delhi,Pune,54,36.0
1082642,Feroz Shah Kotla,2,Pune,Delhi,53,38.0
1082643,Green Park,1,Gujarat,Hyderabad,61,36.0
1082643,Green Park,2,Hyderabad,Gujarat,47,37.0
1082644,Eden Gardens,1,Mumbai,Kolkata,51,40.0
1082644,Eden Gardens,2,Kolkata,Mumbai,53,38.0
1082645,Maharashtra Cricket Association Stadium,1,Punjab,Pune,32,38.0
1082645,Maharashtra Cricket Association Stadium,2,Pune,Punjab,43,37.0
1082646,Feroz Shah Kotla,1,Bangalore,Delhi,37,37.0
1082646,Feroz Shah Kotla,2,Delhi,Bangalore,42,37.0
1082647,Wankhede Stadium,1,Pune,Mumbai,33,37.0
1082647,Wankhede Stadium,2,Mumbai,Pune,42,38.0
1082648,M Chinnaswamy Stadium,1,Hyderabad,Kolkata,30,36.0
1082648,M Chinnaswamy Stadium,2,Kolkata,Hyderabad,48,35.0
1082649,M Chinnaswamy Stadium,1,Kolkata,Mumbai,25,37.0
1082649,M Chinnaswamy Stadium,2,Mumbai,Kolkata,36,37.0
1082650,Rajiv Gandhi International Stadium,1,Mumbai,Pune,32,37.0
1082650,Rajiv Gandhi International Stadium,2,Pune,Mumbai,38,37.0
1136561,Wankhede Stadium,1,Mumbai,Chennai,39,37.0
1136561,Wankhede Stadium,2,Chennai,Mumbai,42,36.0
1136562,Punjab Cricket Association IS Bindra Stadium,1,Delhi,Punjab,45,38.0
1136562,Punjab Cricket Association IS Bindra Stadium,2,Punjab,Delhi,73,36.0
1136563,Eden Gardens,1,Bangalore,Kolkata,52,37.0
1136563,Eden Gardens,2,Kolkata,Bangalore,68,38.0
1136564,Rajiv Gandhi International Stadium,1,Rajasthan,Hyderabad,48,38.0
1136564,Rajiv Gandhi International Stadium,2,Hyderabad,Rajasthan,57,39.0
1136565,MA Chidambaram Stadium,1,Kolkata,Chennai,64,37.0
1136565,MA Chidambaram Stadium,2,Chennai,Kolkata,75,36.0
1136566,Sawai Mansingh Stadium,1,Rajasthan,Delhi,51,36.0
1136566,Sawai Mansingh Stadium,2,Delhi,Rajasthan,60,37.0
1136567,Rajiv Gandhi International Stadium,1,Mumbai,Hyderabad,54,37.0
1136567,Rajiv Gandhi International Stadium,2,Hyderabad,Mumbai,56,36.0
1136568,M Chinnaswamy Stadium,1,Punjab,Bangalore,50,36.0
1136568,M Chinnaswamy Stadium,2,Bangalore,Punjab,41,36.0
1136569,Wankhede Stadium,1,Mumbai,Delhi,84,38.0
1136569,Wankhede Stadium,2,Delhi,Mumbai,53,36.0
1136570,Eden Gardens,1,Kolkata,Hyderabad,49,36.0
1136570,Eden Gardens,2,Hyderabad,Kolkata,46,40.0
1136571,M Chinnaswamy Stadium,1,Rajasthan,Bangalore,52,39.0
1136571,M Chinnaswamy Stadium,2,Bangalore,Rajasthan,64,37.0
1136572,Punjab Cricket Association IS Bindra Stadium,1,Punjab,Chennai,75,37.0
1136572,Punjab Cricket Association IS Bindra Stadium,2,Chennai,Punjab,53,38.0
1136573,Eden Gardens,1,Kolkata,Delhi,50,36.0
1136573,Eden Gardens,2,Delhi,Kolkata,56,41.0
1136574,Wankhede Stadium,1,Mumbai,Bangalore,60,38.0
1136574,Wankhede Stadium,2,Bangalore,Mumbai,55,37.0
1136575,Sawai Mansingh Stadium,1,Rajasthan,Kolkata,48,36.0
1136575,Sawai Mansingh Stadium,2,Kolkata,Rajasthan,53,36.0
1136576,Punjab Cricket Association IS Bindra Stadium,1,Punjab,Hyderabad,49,36.0
1136576,Punjab Cricket Association IS Bindra Stadium,2,Hyderabad,Punjab,40,37.0
1136577,Maharashtra Cricket Association Stadium,1,Chennai,Rajasthan,69,37.0
1136577,Maharashtra Cricket Association Stadium,2,Rajasthan,Chennai,35,38.0
1136578,Eden Gardens,1,Kolkata,Punjab,50,38.0
1136578,Eden Gardens,2,Punjab,Kolkata,73,37.0
1136579,M Chinnaswamy Stadium,1,Delhi,Bangalore,28,37.0
1136579,M Chinnaswamy Stadium,2,Bangalore,Delhi,43,37.0
1136580,Rajiv Gandhi International Stadium,1,Chennai,Hyderabad,27,37.0
1136580,Rajiv Gandhi International Stadium,2,Hyderabad,Chennai,40,37.0
1136581,Sawai Mansingh Stadium,1,Mumbai,Rajasthan,43,36.0
1136581,Sawai Mansingh Stadium,2,Rajasthan,Mumbai,43,37.0
1136582,Arun Jaitley Stadium,1,Punjab,Delhi,51,36.0
1136582,Arun Jaitley Stadium,2,Delhi,Punjab,48,39.0
1136583,Wankhede Stadium,1,Hyderabad,Mumbai,51,38.0
1136583,Wankhede Stadium,2,Mumbai,Hyderabad,22,37.0
1136584,M Chinnaswamy Stadium,1,Bangalore,Chennai,52,36.0
1136584,M Chinnaswamy Stadium,2,Chennai,Bangalore,55,37.0
1136585,Rajiv Gandhi International Stadium,1,Hyderabad,Punjab,37,37.0
1136585,Rajiv Gandhi International Stadium,2,Punjab,Hyderabad,44,36.0
1136586,Arun Jaitley Stadium,1,Delhi,Kolkata,57,36.0
1136586,Arun Jaitley Stadium,2,Kolkata,Delhi,51,36.0
1136587,Maharashtra Cricket Association Stadium,1,Chennai,Mumbai,51,36.0
1136587,Maharashtra Cricket Association Stadium,2,Mumbai,Chennai,50,38.0
1136588,Sawai Mansingh Stadium,1,Hyderabad,Rajasthan,39,36.0
1136588,Sawai Mansingh Stadium,2,Rajasthan,Hyderabad,43,36.0
1136589,M Chinnaswamy Stadium,1,Bangalore,Kolkata,40,37.0
1136589,M Chinnaswamy Stadium,2,Kolkata,Bangalore,51,38.0
1136590,Maharashtra Cricket Association Stadium,1,Chennai,Delhi,56,36.0
1136590,Maharashtra Cricket Association Stadium,2,Delhi,Chennai,59,37.0
1136591,M Chinnaswamy Stadium,1,Bangalore,Mumbai,43,37.0
1136591,M Chinnaswamy Stadium,2,Mumbai,Bangalore,40,40.0
1136592,Arun Jaitley Stadium,1,Delhi,Rajasthan,62,36.0
1136592,Arun Jaitley Stadium,2,Rajasthan,Delhi,79,37.0
1136593,Eden Gardens,1,Chennai,Kolkata,57,36.0
1136593,Eden Gardens,2,Kolkata,Chennai,56,38.0
1136594,Holkar Cricket Stadium,1,Punjab,Mumbai,49,38.0
1136594,Holkar Cricket Stadium,2,Mumbai,Punjab,39,37.0
1136595,Maharashtra Cricket Association Stadium,1,Bangalore,Chennai,47,37.0
1136595,Maharashtra Cricket Association Stadium,2,Chennai,Bangalore,42,36.0
1136596,Rajiv Gandhi International Stadium,1,Delhi,Hyderabad,60,37.0
1136596,Rajiv Gandhi International Stadium,2,Hyderabad,Delhi,61,38.0
1136597,Wankhede Stadium,1,Mumbai,Kolkata,56,36.0
1136597,Wankhede Stadium,2,Kolkata,Mumbai,47,37.0
1136598,Holkar Cricket Stadium,1,Rajasthan,Punjab,45,36.0
1136598,Holkar Cricket Stadium,2,Punjab,Rajasthan,34,38.0
1136599,Rajiv Gandhi International Stadium,1,Hyderabad,Bangalore,38,38.0
1136599,Rajiv Gandhi International Stadium,2,Bangalore,Hyderabad,55,37.0
1136600,Sawai Mansingh Stadium,1,Rajasthan,Punjab,63,37.0
1136600,Sawai Mansingh Stadium,2,Punjab,Rajasthan,33,37.0
1136601,Eden Gardens,1,Mumbai,Kolkata,47,36.0
1136601,Eden Gardens,2,Kolkata,Mumbai,47,36.0
1136602,Arun Jaitley Stadium,1,Delhi,Hyderabad,38,36.0
1136602,Arun Jaitley Stadium,2,Hyderabad,Delhi,51,36.0
1136603,Sawai Mansingh Stadium,1,Chennai,Rajasthan,55,40.0
1136603,Sawai Mansingh Stadium,2,Rajasthan,Chennai,57,37.0
1136604,Holkar Cricket Stadium,1,Kolkata,Punjab,59,36.0
1136604,Holkar Cricket Stadium,2,Punjab,Kolkata,58,37.0
1136605,Arun Jaitley Stadium,1,Delhi,Bangalore,44,38.0
1136605,Arun Jaitley Stadium,2,Bangalore,Delhi,58,37.0
1136606,Maharashtra Cricket Association Stadium,1,Hyderabad,Chennai,29,37.0
1136606,Maharashtra Cricket Association Stadium,2,Chennai,Hyderabad,53,36.0
1136607,Wankhede Stadium,1,Mumbai,Rajasthan,51,39.0
1136607,Wankhede Stadium,2,Rajasthan,Mumbai,51,39.0
1136608,Holkar Cricket Stadium,1,Punjab,Bangalore,47,36.0
1136608,Holkar Cricket Stadium,2,Bangalore,Punjab,66,37.0
1136609,Eden Gardens,1,Rajasthan,Kolkata,68,37.0
1136609,Eden Gardens,2,Kolkata,Rajasthan,51,37.0
1136610,Wankhede Stadium,1,Mumbai,Punjab,60,37.0
1136610,Wankhede Stadium,2,Punjab,Mumbai,57,36.0
1136611,M Chinnaswamy Stadium,1,Bangalore,Hyderabad,44,36.0
1136611,M Chinnaswamy Stadium,2,Hyderabad,Bangalore,56,36.0
1136612,Arun Jaitley Stadium,1,Delhi,Chennai,39,38.0
1136612,Arun Jaitley Stadium,2,Chennai,Delhi,44,36.0
1136613,Sawai Mansingh Stadium,1,Rajasthan,Bangalore,45,36.0
1136613,Sawai Mansingh Stadium,2,Bangalore,Rajasthan,55,36.0
1136614,Rajiv Gandhi International Stadium,1,Hyderabad,Kolkata,60,40.0
1136614,Rajiv Gandhi International Stadium,2,Kolkata,Hyderabad,66,39.0
1136615,Arun Jaitley Stadium,1,Delhi,Mumbai,46,37.0
1136615,Arun Jaitley Stadium,2,Mumbai,Delhi,57,38.0
1136616,Maharashtra Cricket Association Stadium,1,Punjab,Chennai,29,37.0
1136616,Maharashtra Cricket Association Stadium,2,Chennai,Punjab,33,38.0
1136617,Wankhede Stadium,1,Hyderabad,Chennai,47,36.0
1136617,Wankhede Stadium,2,Chennai,Hyderabad,33,37.0
1136618,Eden Gardens,1,Kolkata,Rajasthan,46,39.0
1136618,Eden Gardens,2,Rajasthan,Kolkata,51,37.0
1136619,Eden Gardens,1,Hyderabad,Kolkata,45,38.0
1136619,Eden Gardens,2,Kolkata,Hyderabad,67,36.0
1136620,Wankhede Stadium,1,Hyderabad,Chennai,42,39.0
1136620,Wankhede Stadium,2,Chennai,Hyderabad,35,37.0
1175356,MA Chidambaram Stadium,1,Bangalore,Chennai,33,37.0
1175356,MA Chidambaram Stadium,2,Chennai,Bangalore,16,36.0
1175357,Eden Gardens,1,Hyderabad,Kolkata,54,39.0
1175357,Eden Gardens,2,Kolkata,Hyderabad,47,36.0
1175358,Wankhede Stadium,1,Delhi,Mumbai,45,38.0
1175358,Wankhede Stadium,2,Mumbai,Delhi,46,36.0
1175359,Sawai Mansingh Stadium,1,Punjab,Rajasthan,32,39.0
1175359,Sawai Mansingh Stadium,2,Rajasthan,Punjab,64,36.0
1175360,Arun Jaitley Stadium,1,Delhi,Chennai,43,38.0
1175360,Arun Jaitley Stadium,2,Chennai,Delhi,58,36.0
1175361,Eden Gardens,1,Kolkata,Punjab,53,37.0
1175361,Eden Gardens,2,Punjab,Kolkata,51,38.0
1175362,M Chinnaswamy Stadium,1,Mumbai,Bangalore,52,36.0
1175362,M Chinnaswamy Stadium,2,Bangalore,Mumbai,60,36.0
1175363,Rajiv Gandhi International Stadium,1,Rajasthan,Hyderabad,35,37.0
1175363,Rajiv Gandhi International Stadium,2,Hyderabad,Rajasthan,69,37.0
1175364,Punjab Cricket Association IS Bindra Stadium,1,Mumbai,Punjab,62,36.0
1175364,Punjab Cricket Association IS Bindra Stadium,2,Punjab,Mumbai,38,36.0
1175365,Arun Jaitley Stadium,1,Kolkata,Delhi,36,37.0
1175365,Arun Jaitley Stadium,2,Delhi,Kolkata,45,37.0
1175366,Rajiv Gandhi International Stadium,1,Hyderabad,Bangalore,59,36.0
1175366,Rajiv Gandhi International Stadium,2,Bangalore,Hyderabad,30,36.0
1175367,MA Chidambaram Stadium,1,Chennai,Rajasthan,29,36.0
1175367,MA Chidambaram Stadium,2,Rajasthan,Chennai,45,39.0
1175368,Punjab Cricket Association IS Bindra Stadium,1,Punjab,Delhi,54,36.0
1175368,Punjab Cricket Association IS Bindra Stadium,2,Delhi,Punjab,49,39.0
1175369,Sawai Mansingh Stadium,1,Bangalore,Rajasthan,48,37.0
1175369,Sawai Mansingh Stadium,2,Rajasthan,Bangalore,55,37.0
1175370,Wankhede Stadium,1,Mumbai,Chennai,40,37.0
1175370,Wankhede Stadium,2,Chennai,Mumbai,34,38.0
1175371,Arun Jaitley Stadium,1,Delhi,Hyderabad,36,36.0
1175371,Arun Jaitley Stadium,2,Hyderabad,Delhi,62,37.0
1175372,M Chinnaswamy Stadium,1,Bangalore,Kolkata,53,36.0
1175372,M Chinnaswamy Stadium,2,Kolkata,Bangalore,59,38.0
1178393,MA Chidambaram Stadium,1,Chennai,Punjab,54,37.0
1178393,MA Chidambaram Stadium,2,Punjab,Chennai,46,37.0
1178394,Rajiv Gandhi International Stadium,1,Mumbai,Hyderabad,30,36.0
1178394,Rajiv Gandhi International Stadium,2,Hyderabad,Mumbai,39,37.0
1178395,M Chinnaswamy Stadium,1,Bangalore,Delhi,40,38.0
1178395,M Chinnaswamy Stadium,2,Delhi,Bangalore,53,39.0
1178396,Sawai Mansingh Stadium,1,Rajasthan,Kolkata,28,36.0
1178396,Sawai Mansingh Stadium,2,Kolkata,Rajasthan,65,37.0
1178397,Punjab Cricket Association IS Bindra Stadium,1,Hyderabad,Punjab,27,39.0
1178397,Punjab Cricket Association IS Bindra Stadium,2,Punjab,Hyderabad,38,36.0
1178398,MA Chidambaram Stadium,1,Kolkata,Chennai,29,37.0
1178398,MA Chidambaram Stadium,2,Chennai,Kolkata,40,38.0
1178399,Wankhede Stadium,1,Punjab,Mumbai,50,36.0
1178399,Wankhede Stadium,2,Mumbai,Punjab,50,36.0
1178400,Sawai Mansingh Stadium,1,Rajasthan,Chennai,54,37.0
1178400,Sawai Mansingh Stadium,2,Chennai,Rajasthan,24,36.0
1178401,Eden Gardens,1,Kolkata,Delhi,41,36.0
1178401,Eden Gardens,2,Delhi,Kolkata,57,36.0
1178402,Wankhede Stadium,1,Mumbai,Rajasthan,57,36.0
1178402,Wankhede Stadium,2,Rajasthan,Mumbai,59,36.0
1178403,Punjab Cricket Association IS Bindra Stadium,1,Punjab,Bangalore,60,36.0
1178403,Punjab Cricket Association IS Bindra Stadium,2,Bangalore,Punjab,63,36.0
1178404,Eden Gardens,1,Kolkata,Chennai,49,37.0
1178404,Eden Gardens,2,Chennai,Kolkata,44,36.0
1178405,Rajiv Gandhi International Stadium,1,Delhi,Hyderabad,51,37.0
1178405,Rajiv Gandhi International Stadium,2,Hyderabad,Delhi,40,37.0
1178406,Wankhede Stadium,1,Bangalore,Mumbai,45,37.0
1178406,Wankhede Stadium,2,Mumbai,Bangalore,67,38.0
1178407,Punjab Cricket Association IS Bindra Stadium,1,Punjab,Rajasthan,39,36.0
1178407,Punjab Cricket Association IS Bindra Stadium,2,Rajasthan,Punjab,54,40.0
1178408,Rajiv Gandhi International Stadium,1,Chennai,Hyderabad,41,36.0
1178408,Rajiv Gandhi International Stadium,2,Hyderabad,Chennai,68,37.0
1178409,Arun Jaitley Stadium,1,Mumbai,Delhi,57,37.0
1178409,Arun Jaitley Stadium,2,Delhi,Mumbai,48,36.0
1178410,Eden Gardens,1,Bangalore,Kolkata,42,38.0
1178410,Eden Gardens,2,Kolkata,Bangalore,37,36.0
1178411,Sawai Mansingh Stadium,1,Mumbai,Rajasthan,46,37.0
1178411,Sawai Mansingh Stadium,2,Rajasthan,Mumbai,60,36.0
1178412,Arun Jaitley Stadium,1,Punjab,Delhi,50,36.0
1178412,Arun Jaitley Stadium,2,Delhi,Punjab,60,36.0
1178413,Rajiv Gandhi International Stadium,1,Kolkata,Hyderabad,61,37.0
1178413,Rajiv Gandhi International Stadium,2,Hyderabad,Kolkata,72,39.0
1178414,M Chinnaswamy Stadium,1,Bangalore,Chennai,49,37.0
1178414,M Chinnaswamy Stadium,2,Chennai,Bangalore,32,37.0
1178415,Sawai Mansingh Stadium,1,Rajasthan,Delhi,52,36.0
1178415,Sawai Mansingh Stadium,2,Delhi,Rajasthan,59,36.0
1178416,MA Chidambaram Stadium,1,Hyderabad,Chennai,54,38.0
1178416,MA Chidambaram Stadium,2,Chennai,Hyderabad,49,36.0
1178417,M Chinnaswamy Stadium,1,Bangalore,Punjab,70,39.0
1178417,M Chinnaswamy Stadium,2,Punjab,Bangalore,68,39.0
1178418,Eden Gardens,1,Kolkata,Rajasthan,32,36.0
1178418,Eden Gardens,2,Rajasthan,Kolkata,55,36.0
1178419,MA Chidambaram Stadium,1,Mumbai,Chennai,45,37.0
1178419,MA Chidambaram Stadium,2,Chennai,Mumbai,40,36.0
1178420,Sawai Mansingh Stadium,1,Hyderabad,Rajasthan,51,36.0
1178420,Sawai Mansingh Stadium,2,Rajasthan,Hyderabad,60,36.0
1178421,Arun Jaitley Stadium,1,Delhi,Bangalore,59,36.0
1178421,Arun Jaitley Stadium,2,Bangalore,Delhi,64,36.0
1178422,Eden Gardens,1,Kolkata,Mumbai,50,36.0
1178422,Eden Gardens,2,Mumbai,Kolkata,41,36.0
1178423,Rajiv Gandhi International Stadium,1,Hyderabad,Punjab,77,39.0
1178423,Rajiv Gandhi International Stadium,2,Punjab,Hyderabad,44,39.0
1178424,M Chinnaswamy Stadium,1,Bangalore,Rajasthan,62,31.0
1178424,M Chinnaswamy Stadium,2,Rajasthan,Bangalore,41,20.0
1178425,MA Chidambaram Stadium,1,Chennai,Delhi,27,37.0
1178425,MA Chidambaram Stadium,2,Delhi,Chennai,59,36.0
1178426,Wankhede Stadium,1,Mumbai,Hyderabad,44,37.0
1178426,Wankhede Stadium,2,Hyderabad,Mumbai,59,37.0
1178427,Punjab Cricket Association IS Bindra Stadium,1,Punjab,Kolkata,41,36.0
1178427,Punjab Cricket Association IS Bindra Stadium,2,Kolkata,Punjab,62,36.0
1178428,Arun Jaitley Stadium,1,Rajasthan,Delhi,30,37.0
1178428,Arun Jaitley Stadium,2,Delhi,Rajasthan,46,36.0
1178429,M Chinnaswamy Stadium,1,Hyderabad,Bangalore,52,36.0
1178429,M Chinnaswamy Stadium,2,Bangalore,Hyderabad,49,40.0
1178430,Punjab Cricket Association IS Bindra Stadium,1,Chennai,Punjab,42,37.0
1178430,Punjab Cricket Association IS Bindra Stadium,2,Punjab,Chennai,68,38.0
1178431,Wankhede Stadium,1,Kolkata,Mumbai,49,37.0
1178431,Wankhede Stadium,2,Mumbai,Kolkata,46,38.0
1181764,MA Chidambaram Stadium,1,Chennai,Mumbai,32,37.0
1181764,MA Chidambaram Stadium,2,Mumbai,Chennai,44,37.0
1181766,Dr  Y S  Rajasekhara Reddy ACA-VDCA Cricket Stadium,1,Hyderabad,Delhi,54,36.0
1181766,Dr  Y S  Rajasekhara Reddy ACA-VDCA Cricket Stadium,2,Delhi,Hyderabad,55,37.0
1181767,Dr  Y S  Rajasekhara Reddy ACA-VDCA Cricket Stadium,1,Delhi,Chennai,41,37.0
1181767,Dr  Y S  Rajasekhara Reddy ACA-VDCA Cricket Stadium,2,Chennai,Delhi,42,36.0
1181768,Rajiv Gandhi International Stadium,1,Mumbai,Chennai,45,37.0
1181768,Rajiv Gandhi International Stadium,2,Chennai,Mumbai,53,37.0
1216492,Sheikh Zayed Stadium,1,Mumbai,Chennai,51,38.0
1216492,Sheikh Zayed Stadium,2,Chennai,Mumbai,37,38.0
1216493,Dubai International Cricket Stadium,1,Delhi,Punjab,23,37.0
1216493,Dubai International Cricket Stadium,2,Punjab,Delhi,35,38.0
1216494,Sheikh Zayed Stadium,1,Kolkata,Bangalore,17,37.0
1216494,Sheikh Zayed Stadium,2,Bangalore,Kolkata,44,38.0
1216495,Sharjah Cricket Stadium,1,Mumbai,Hyderabad,48,36.0
1216495,Sharjah Cricket Stadium,2,Hyderabad,Mumbai,56,38.0
1216496,Sharjah Cricket Stadium,1,Rajasthan,Chennai,54,37.0
1216496,Sharjah Cricket Stadium,2,Chennai,Rajasthan,53,37.0
1216497,Sheikh Zayed Stadium,1,Kolkata,Delhi,36,36.0
1216497,Sheikh Zayed Stadium,2,Delhi,Kolkata,36,39.0
1216498,Dubai International Cricket Stadium,1,Punjab,Hyderabad,47,36.0
1216498,Dubai International Cricket Stadium,2,Hyderabad,Punjab,52,38.0
1216499,Sheikh Zayed Stadium,1,Bangalore,Mumbai,54,36.0
1216499,Sheikh Zayed Stadium,2,Mumbai,Bangalore,45,37.0
1216500,Sharjah Cricket Stadium,1,Delhi,Rajasthan,51,39.0
1216500,Sharjah Cricket Stadium,2,Rajasthan,Delhi,41,38.0
1216501,Sheikh Zayed Stadium,1,Kolkata,Chennai,52,39.0
1216501,Sheikh Zayed Stadium,2,Chennai,Kolkata,54,37.0
1216502,Sharjah Cricket Stadium,1,Bangalore,Hyderabad,30,37.0
1216502,Sharjah Cricket Stadium,2,Hyderabad,Bangalore,58,40.0
1216503,Sheikh Zayed Stadium,1,Mumbai,Punjab,41,38.0
1216503,Sheikh Zayed Stadium,2,Punjab,Mumbai,41,37.0
1216504,Dubai International Cricket Stadium,1,Kolkata,Rajasthan,42,38.0
1216504,Dubai International Cricket Stadium,2,Rajasthan,Kolkata,39,37.0
1216505,Sheikh Zayed Stadium,1,Bangalore,Delhi,40,37.0
1216505,Sheikh Zayed Stadium,2,Delhi,Bangalore,53,36.0
1216506,Sheikh Zayed Stadium,1,Punjab,Chennai,53,36.0
1216506,Sheikh Zayed Stadium,2,Chennai,Punjab,57,38.0
1216507,Dubai International Cricket Stadium,1,Hyderabad,Rajasthan,26,36.0
1216507,Dubai International Cricket Stadium,2,Rajasthan,Hyderabad,36,36.0
1216508,Sheikh Zayed Stadium,1,Mumbai,Kolkata,59,38.0
1216508,Sheikh Zayed Stadium,2,Kolkata,Mumbai,33,36.0
1216509,Sharjah Cricket Stadium,1,Chennai,Delhi,39,37.0
1216509,Sharjah Cricket Stadium,2,Delhi,Chennai,41,36.0
1216510,Dubai International Cricket Stadium,1,Punjab,Bangalore,50,38.0
1216510,Dubai International Cricket Stadium,2,Bangalore,Punjab,40,40.0
1216511,Sheikh Zayed Stadium,1,Mumbai,Rajasthan,57,38.0
1216511,Sheikh Zayed Stadium,2,Rajasthan,Mumbai,31,36.0
1216512,Sheikh Zayed Stadium,1,Kolkata,Hyderabad,48,36.0
1216512,Sheikh Zayed Stadium,2,Hyderabad,Kolkata,58,37.0
1216513,Dubai International Cricket Stadium,1,Punjab,Chennai,46,36.0
1216513,Dubai International Cricket Stadium,2,Chennai,Punjab,60,38.0
1216514,Sheikh Zayed Stadium,1,Rajasthan,Bangalore,38,36.0
1216514,Sheikh Zayed Stadium,2,Bangalore,Rajasthan,50,36.0
1216515,Sharjah Cricket Stadium,1,Delhi,Kolkata,57,36.0
1216515,Sharjah Cricket Stadium,2,Kolkata,Delhi,59,37.0
1216516,Dubai International Cricket Stadium,1,Hyderabad,Chennai,42,38.0
1216516,Dubai International Cricket Stadium,2,Chennai,Hyderabad,36,38.0
1216517,Dubai International Cricket Stadium,1,Mumbai,Punjab,43,37.0
1216517,Dubai International Cricket Stadium,2,Punjab,Mumbai,51,37.0
1216518,Dubai International Cricket Stadium,1,Rajasthan,Hyderabad,47,37.0
1216518,Dubai International Cricket Stadium,2,Hyderabad,Rajasthan,58,39.0
1216519,Dubai International Cricket Stadium,1,Delhi,Bangalore,63,36.0
1216519,Dubai International Cricket Stadium,2,Bangalore,Delhi,43,38.0
1216520,Sharjah Cricket Stadium,1,Kolkata,Punjab,54,37.0
1216520,Sharjah Cricket Stadium,2,Punjab,Kolkata,36,36.0
1216521,Sharjah Cricket Stadium,1,Chennai,Mumbai,24,38.0
1216521,Sharjah Cricket Stadium,2,Mumbai,Chennai,52,36.0
1216522,Dubai International Cricket Stadium,1,Rajasthan,Bangalore,52,40.0
1216522,Dubai International Cricket Stadium,2,Bangalore,Rajasthan,47,38.0
1216523,Sheikh Zayed Stadium,1,Kolkata,Punjab,25,36.0
1216523,Sheikh Zayed Stadium,2,Punjab,Kolkata,47,36.0
1216524,Dubai International Cricket Stadium,1,Hyderabad,Delhi,77,36.0
1216524,Dubai International Cricket Stadium,2,Delhi,Hyderabad,54,39.0
1216525,Dubai International Cricket Stadium,1,Bangalore,Chennai,36,41.0
1216525,Dubai International Cricket Stadium,2,Chennai,Bangalore,26,37.0
1216526,Sheikh Zayed Stadium,1,Kolkata,Mumbai,33,40.0
1216526,Sheikh Zayed Stadium,2,Mumbai,Kolkata,51,36.0
1216527,Sharjah Cricket Stadium,1,Punjab,Rajasthan,60,38.0
1216527,Sharjah Cricket Stadium,2,Rajasthan,Punjab,69,41.0
1216528,Dubai International Cricket Stadium,1,Chennai,Hyderabad,44,37.0
1216528,Dubai International Cricket Stadium,2,Hyderabad,Chennai,40,38.0
1216529,Sheikh Zayed Stadium,1,Delhi,Mumbai,46,38.0
1216529,Sheikh Zayed Stadium,2,Mumbai,Delhi,44,37.0
1216530,Dubai International Cricket Stadium,1,Kolkata,Rajasthan,55,36.0
1216530,Dubai International Cricket Stadium,2,Rajasthan,Kolkata,41,38.0
1216531,Sharjah Cricket Stadium,1,Bangalore,Punjab,57,38.0
1216531,Sharjah Cricket Stadium,2,Punjab,Bangalore,56,37.0
1216532,Sheikh Zayed Stadium,1,Hyderabad,Delhi,38,36.0
1216532,Sheikh Zayed Stadium,2,Delhi,Hyderabad,34,36.0
1216533,Sheikh Zayed Stadium,1,Chennai,Rajasthan,43,36.0
1216533,Sheikh Zayed Stadium,2,Rajasthan,Chennai,31,36.0
1216534,Dubai International Cricket Stadium,1,Bangalore,Hyderabad,53,40.0
1216534,Dubai International Cricket Stadium,2,Hyderabad,Bangalore,48,38.0
1216535,Dubai International Cricket Stadium,1,Delhi,Mumbai,22,37.0
1216535,Dubai International Cricket Stadium,2,Mumbai,Delhi,38,36.0
1216536,Dubai International Cricket Stadium,1,Kolkata,Chennai,48,36.0
1216536,Dubai International Cricket Stadium,2,Chennai,Kolkata,44,37.0
1216537,Sheikh Zayed Stadium,1,Punjab,Rajasthan,53,40.0
1216537,Sheikh Zayed Stadium,2,Rajasthan,Punjab,66,36.0
1216538,Sharjah Cricket Stadium,1,Mumbai,Hyderabad,48,37.0
1216538,Sharjah Cricket Stadium,2,Hyderabad,Mumbai,56,37.0
1216539,Dubai International Cricket Stadium,1,Delhi,Chennai,36,37.0
1216539,Dubai International Cricket Stadium,2,Chennai,Delhi,34,37.0
1216540,Sharjah Cricket Stadium,1,Bangalore,Kolkata,47,36.0
1216540,Sharjah Cricket Stadium,2,Kolkata,Bangalore,43,38.0
1216541,Sheikh Zayed Stadium,1,Mumbai,Rajasthan,59,40.0
1216541,Sheikh Zayed Stadium,2,Rajasthan,Mumbai,55,37.0
1216542,Dubai International Cricket Stadium,1,Hyderabad,Punjab,58,38.0
1216542,Dubai International Cricket Stadium,2,Punjab,Hyderabad,45,36.0
1216543,Dubai International Cricket Stadium,1,Delhi,Rajasthan,47,41.0
1216543,Dubai International Cricket Stadium,2,Rajasthan,Delhi,50,36.0
1216544,Dubai International Cricket Stadium,1,Bangalore,Chennai,46,39.0
1216544,Dubai International Cricket Stadium,2,Chennai,Bangalore,48,36.0
1216545,Sheikh Zayed Stadium,1,Hyderabad,Kolkata,40,36.0
1216545,Sheikh Zayed Stadium,2,Kolkata,Hyderabad,52,37.0
1216546,Dubai International Cricket Stadium,1,Delhi,Punjab,53,38.0
1216546,Dubai International Cricket Stadium,2,Punjab,Delhi,57,39.0
1216547,Dubai International Cricket Stadium,1,Bangalore,Mumbai,59,37.0
1216547,Dubai International Cricket Stadium,2,Mumbai,Bangalore,35,37.0
1237177,Dubai International Cricket Stadium,1,Mumbai,Delhi,63,37.0
1237177,Dubai International Cricket Stadium,2,Delhi,Mumbai,32,38.0
1237178,Sheikh Zayed Stadium,1,Bangalore,Hyderabad,32,37.0
1237178,Sheikh Zayed Stadium,2,Hyderabad,Bangalore,48,40.0
1237180,Sheikh Zayed Stadium,1,Delhi,Hyderabad,65,37.0
1237180,Sheikh Zayed Stadium,2,Hyderabad,Delhi,49,39.0
1237181,Dubai International Cricket Stadium,1,Delhi,Mumbai,41,36.0
1237181,Dubai International Cricket Stadium,2,Mumbai,Delhi,61,36.0
1254058,MA Chidambaram Stadium,1,Mumbai,Bangalore,41,36.0
1254058,MA Chidambaram Stadium,2,Bangalore,Mumbai,46,39.0
1254059,Wankhede Stadium,1,Chennai,Delhi,33,37.0
1254059,Wankhede Stadium,2,Delhi,Chennai,65,36.0
1254060,MA Chidambaram Stadium,1,Kolkata,Hyderabad,50,36.0
1254060,MA Chidambaram Stadium,2,Hyderabad,Kolkata,35,36.0
335982,M Chinnaswamy Stadium,1,Kolkata,Bangalore,61,38.0
335982,M Chinnaswamy Stadium,2,Bangalore,Kolkata,26,38.0
335983,Punjab Cricket Association Stadium,1,Chennai,Punjab,53,38.0
335983,Punjab Cricket Association Stadium,2,Punjab,Chennai,63,38.0
335984,Feroz Shah Kotla,1,Rajasthan,Delhi,40,37.0
335984,Feroz Shah Kotla,2,Delhi,Rajasthan,55,38.0
335985,Wankhede Stadium,1,Mumbai,Bangalore,47,38.0
335985,Wankhede Stadium,2,Bangalore,Mumbai,40,37.0
335986,Eden Gardens,1,Hyderabad,Kolkata,39,39.0
335986,Eden Gardens,2,Kolkata,Hyderabad,26,36.0
335987,Sawai Mansingh Stadium,1,Punjab,Rajasthan,54,36.0
335987,Sawai Mansingh Stadium,2,Rajasthan,Punjab,53,42.0
335988,Rajiv Gandhi International Stadium,1,Hyderabad,Delhi,25,36.0
335988,Rajiv Gandhi International Stadium,2,Delhi,Hyderabad,48,37.0
335989,MA Chidambaram Stadium,1,Chennai,Mumbai,53,39.0
335989,MA Chidambaram Stadium,2,Mumbai,Chennai,52,38.0
335990,Rajiv Gandhi International Stadium,1,Hyderabad,Rajasthan,58,37.0
335990,Rajiv Gandhi International Stadium,2,Rajasthan,Hyderabad,73,37.0
335991,Punjab Cricket Association Stadium,1,Punjab,Mumbai,60,38.0
335991,Punjab Cricket Association Stadium,2,Mumbai,Punjab,39,38.0
335992,M Chinnaswamy Stadium,1,Bangalore,Rajasthan,57,37.0
335992,M Chinnaswamy Stadium,2,Rajasthan,Bangalore,45,37.0
335993,MA Chidambaram Stadium,1,Kolkata,Chennai,61,37.0
335993,MA Chidambaram Stadium,2,Chennai,Kolkata,45,39.0
335994,Dr DY Patil Sports Academy,1,Mumbai,Hyderabad,27,39.0
335994,Dr DY Patil Sports Academy,2,Hyderabad,Mumbai,60,37.0
335995,Punjab Cricket Association Stadium,1,Delhi,Punjab,45,38.0
335995,Punjab Cricket Association Stadium,2,Punjab,Delhi,55,36.0
335996,M Chinnaswamy Stadium,1,Chennai,Bangalore,36,38.0
335996,M Chinnaswamy Stadium,2,Bangalore,Chennai,45,38.0
335997,Eden Gardens,1,Kolkata,Mumbai,40,37.0
335997,Eden Gardens,2,Mumbai,Kolkata,38,39.0
335998,Feroz Shah Kotla,1,Delhi,Bangalore,58,37.0
335998,Feroz Shah Kotla,2,Bangalore,Delhi,55,36.0
335999,Rajiv Gandhi International Stadium,1,Hyderabad,Punjab,50,38.0
335999,Rajiv Gandhi International Stadium,2,Punjab,Hyderabad,41,36.0
336000,Sawai Mansingh Stadium,1,Rajasthan,Kolkata,45,37.0
336000,Sawai Mansingh Stadium,2,Kolkata,Rajasthan,51,41.0
336001,MA Chidambaram Stadium,1,Chennai,Delhi,47,39.0
336001,MA Chidambaram Stadium,2,Delhi,Chennai,64,37.0
336002,Rajiv Gandhi International Stadium,1,Hyderabad,Bangalore,41,39.0
336002,Rajiv Gandhi International Stadium,2,Bangalore,Hyderabad,43,36.0
336003,Punjab Cricket Association Stadium,1,Punjab,Kolkata,49,38.0
336003,Punjab Cricket Association Stadium,2,Kolkata,Punjab,31,38.0
336004,Dr DY Patil Sports Academy,1,Mumbai,Delhi,50,37.0
336004,Dr DY Patil Sports Academy,2,Delhi,Mumbai,37,36.0
336005,Sawai Mansingh Stadium,1,Chennai,Rajasthan,38,37.0
336005,Sawai Mansingh Stadium,2,Rajasthan,Chennai,44,36.0
336006,M Chinnaswamy Stadium,1,Bangalore,Punjab,26,39.0
336006,M Chinnaswamy Stadium,2,Punjab,Bangalore,52,40.0
336007,MA Chidambaram Stadium,1,Chennai,Hyderabad,34,39.0
336007,MA Chidambaram Stadium,2,Hyderabad,Chennai,50,37.0
336008,Dr DY Patil Sports Academy,1,Rajasthan,Mumbai,48,36.0
336008,Dr DY Patil Sports Academy,2,Mumbai,Rajasthan,34,39.0
336009,Feroz Shah Kotla,1,Delhi,Chennai,50,38.0
336009,Feroz Shah Kotla,2,Chennai,Delhi,62,38.0
336010,Eden Gardens,1,Kolkata,Bangalore,41,38.0
336010,Eden Gardens,2,Bangalore,Kolkata,35,38.0
336011,Sawai Mansingh Stadium,1,Hyderabad,Rajasthan,50,37.0
336011,Sawai Mansingh Stadium,2,Rajasthan,Hyderabad,50,38.0
336012,M Chinnaswamy Stadium,1,Bangalore,Mumbai,36,36.0
336012,M Chinnaswamy Stadium,2,Mumbai,Bangalore,39,40.0
336013,MA Chidambaram Stadium,1,Chennai,Punjab,53,43.0
336013,MA Chidambaram Stadium,2,Punjab,Chennai,35,36.0
336014,Rajiv Gandhi International Stadium,1,Kolkata,Hyderabad,43,36.0
336014,Rajiv Gandhi International Stadium,2,Hyderabad,Kolkata,55,40.0
336015,Sawai Mansingh Stadium,1,Delhi,Rajasthan,47,37.0
336015,Sawai Mansingh Stadium,2,Rajasthan,Delhi,21,38.0
336016,Punjab Cricket Association Stadium,1,Bangalore,Punjab,50,37.0
336016,Punjab Cricket Association Stadium,2,Punjab,Bangalore,42,37.0
336017,Eden Gardens,1,Kolkata,Delhi,35,39.0
336017,Eden Gardens,2,Delhi,Kolkata,37,37.0
336018,Wankhede Stadium,1,Chennai,Mumbai,28,36.0
336018,Wankhede Stadium,2,Mumbai,Chennai,78,41.0
336019,Punjab Cricket Association Stadium,1,Punjab,Rajasthan,51,37.0
336019,Punjab Cricket Association Stadium,2,Rajasthan,Punjab,38,37.0
336020,Feroz Shah Kotla,1,Delhi,Hyderabad,48,38.0
336020,Feroz Shah Kotla,2,Hyderabad,Delhi,71,38.0
336021,Wankhede Stadium,1,Kolkata,Mumbai,27,41.0
336021,Wankhede Stadium,2,Mumbai,Kolkata,68,38.0
336022,Feroz Shah Kotla,1,Delhi,Punjab,68,40.0
336022,Feroz Shah Kotla,2,Punjab,Delhi,73,38.0
336023,Sawai Mansingh Stadium,1,Rajasthan,Bangalore,51,39.0
336023,Sawai Mansingh Stadium,2,Bangalore,Rajasthan,23,39.0
336024,Rajiv Gandhi International Stadium,1,Mumbai,Hyderabad,57,37.0
336024,Rajiv Gandhi International Stadium,2,Hyderabad,Mumbai,32,39.0
336025,Eden Gardens,1,Kolkata,Chennai,35,37.0
336025,Eden Gardens,2,Chennai,Kolkata,43,38.0
336026,M Chinnaswamy Stadium,1,Bangalore,Delhi,41,40.0
336026,M Chinnaswamy Stadium,2,Delhi,Bangalore,71,37.0
336027,Eden Gardens,1,Kolkata,Rajasthan,32,38.0
336027,Eden Gardens,2,Rajasthan,Kolkata,42,36.0
336028,Wankhede Stadium,1,Punjab,Mumbai,43,36.0
336028,Wankhede Stadium,2,Mumbai,Punjab,68,40.0
336029,MA Chidambaram Stadium,1,Bangalore,Chennai,23,36.0
336029,MA Chidambaram Stadium,2,Chennai,Bangalore,44,39.0
336031,Punjab Cricket Association Stadium,1,Hyderabad,Punjab,42,37.0
336031,Punjab Cricket Association Stadium,2,Punjab,Hyderabad,74,36.0
336032,Feroz Shah Kotla,1,Mumbai,Delhi,60,37.0
336032,Feroz Shah Kotla,2,Delhi,Mumbai,56,36.0
336033,MA Chidambaram Stadium,1,Rajasthan,Chennai,67,37.0
336033,MA Chidambaram Stadium,2,Chennai,Rajasthan,65,37.0
336034,M Chinnaswamy Stadium,1,Bangalore,Hyderabad,46,38.0
336034,M Chinnaswamy Stadium,2,Hyderabad,Bangalore,33,37.0
336035,Eden Gardens,1,Punjab,Kolkata,47,40.0
336035,Eden Gardens,2,Kolkata,Punjab,51,38.0
336036,Sawai Mansingh Stadium,1,Mumbai,Rajasthan,29,39.0
336036,Sawai Mansingh Stadium,2,Rajasthan,Mumbai,36,39.0
336037,Rajiv Gandhi International Stadium,1,Hyderabad,Chennai,26,36.0
336037,Rajiv Gandhi International Stadium,2,Chennai,Hyderabad,44,40.0
336038,Wankhede Stadium,1,Rajasthan,Delhi,58,37.0
336038,Wankhede Stadium,2,Delhi,Rajasthan,28,39.0
336039,Wankhede Stadium,1,Punjab,Chennai,35,37.0
336039,Wankhede Stadium,2,Chennai,Punjab,35,38.0
336040,Dr DY Patil Sports Academy,1,Chennai,Rajasthan,42,37.0
336040,Dr DY Patil Sports Academy,2,Rajasthan,Chennai,41,36.0
392181,Newlands,1,Mumbai,Chennai,40,36.0
392181,Newlands,2,Chennai,Mumbai,40,38.0
392182,Newlands,1,Bangalore,Rajasthan,29,36.0
392182,Newlands,2,Rajasthan,Bangalore,14,42.0
392183,Newlands,1,Punjab,Delhi,67,39.0
392183,Newlands,2,Delhi,Punjab,58,32.0
392184,Newlands,1,Kolkata,Hyderabad,21,37.0
392184,Newlands,2,Hyderabad,Kolkata,37,36.0
392185,St George's Park,1,Chennai,Bangalore,68,37.0
392185,St George's Park,2,Bangalore,Chennai,46,39.0
392186,Kingsmead,1,Punjab,Kolkata,46,36.0
392186,Kingsmead,2,Kolkata,Punjab,60,40.0
392188,Newlands,1,Hyderabad,Bangalore,62,36.0
392188,Newlands,2,Bangalore,Hyderabad,31,38.0
392189,Kingsmead,1,Delhi,Chennai,59,36.0
392189,Kingsmead,2,Chennai,Delhi,61,38.0
392190,Newlands,1,Rajasthan,Kolkata,54,37.0
392190,Newlands,2,Kolkata,Rajasthan,38,38.0
392191,Kingsmead,1,Bangalore,Punjab,49,37.0
392191,Kingsmead,2,Punjab,Bangalore,44,40.0
392192,Kingsmead,1,Hyderabad,Mumbai,55,39.0
392192,Kingsmead,2,Mumbai,Hyderabad,50,41.0
392194,St George's Park,1,Bangalore,Delhi,45,38.0
392194,St George's Park,2,Delhi,Bangalore,43,37.0
392195,Newlands,1,Punjab,Rajasthan,38,42.0
392195,Newlands,2,Rajasthan,Punjab,32,39.0
392196,Kingsmead,1,Chennai,Hyderabad,62,40.0
392196,Kingsmead,2,Hyderabad,Chennai,69,38.0
392197,St George's Park,1,Mumbai,Kolkata,61,40.0
392197,St George's Park,2,Kolkata,Mumbai,47,39.0
392198,SuperSport Park,1,Delhi,Rajasthan,42,37.0
392198,SuperSport Park,2,Rajasthan,Delhi,33,39.0
392199,Kingsmead,1,Kolkata,Bangalore,45,38.0
392199,Kingsmead,2,Bangalore,Kolkata,46,41.0
392200,Kingsmead,1,Punjab,Mumbai,26,37.0
392200,Kingsmead,2,Mumbai,Punjab,23,39.0
392201,SuperSport Park,1,Hyderabad,Delhi,37,37.0
392201,SuperSport Park,2,Delhi,Hyderabad,41,38.0
392202,SuperSport Park,1,Chennai,Rajasthan,40,36.0
392202,SuperSport Park,2,Rajasthan,Chennai,38,37.0
392203,Buffalo Park,1,Mumbai,Kolkata,40,39.0
392203,Buffalo Park,2,Kolkata,Mumbai,26,37.0
392204,Kingsmead,1,Bangalore,Punjab,38,37.0
392204,Kingsmead,2,Punjab,Bangalore,35,37.0
392205,St George's Park,1,Hyderabad,Rajasthan,39,36.0
392205,St George's Park,2,Rajasthan,Hyderabad,30,38.0
392206,New Wanderers Stadium,1,Chennai,Delhi,53,39.0
392206,New Wanderers Stadium,2,Delhi,Chennai,49,37.0
392207,St George's Park,1,Kolkata,Punjab,28,38.0
392207,St George's Park,2,Punjab,Kolkata,51,38.0
392208,New Wanderers Stadium,1,Mumbai,Bangalore,25,37.0
392208,New Wanderers Stadium,2,Bangalore,Mumbai,51,39.0
392209,Buffalo Park,1,Chennai,Hyderabad,53,38.0
392209,Buffalo Park,2,Hyderabad,Chennai,52,38.0
392210,Kingsmead,1,Rajasthan,Punjab,57,37.0
392210,Kingsmead,2,Punjab,Rajasthan,29,36.0
392211,Kingsmead,1,Kolkata,Delhi,54,39.0
392211,Kingsmead,2,Delhi,Kolkata,57,37.0
392212,SuperSport Park,1,Hyderabad,Mumbai,37,39.0
392212,SuperSport Park,2,Mumbai,Hyderabad,41,37.0
392213,SuperSport Park,1,Bangalore,Rajasthan,29,39.0
392213,SuperSport Park,2,Rajasthan,Bangalore,31,36.0
392214,SuperSport Park,1,Chennai,Punjab,57,37.0
392214,SuperSport Park,2,Punjab,Chennai,53,37.0
392215,Buffalo Park,1,Mumbai,Delhi,30,41.0
392215,Buffalo Park,2,Delhi,Mumbai,36,39.0
392216,De Beers Diamond Oval,1,Hyderabad,Punjab,52,38.0
392216,De Beers Diamond Oval,2,Punjab,Hyderabad,45,37.0
392217,De Beers Diamond Oval,1,Rajasthan,Chennai,34,36.0
392217,De Beers Diamond Oval,2,Chennai,Rajasthan,37,38.0
392218,St George's Park,1,Mumbai,Bangalore,46,42.0
392218,St George's Park,2,Bangalore,Mumbai,39,38.0
392219,New Wanderers Stadium,1,Kolkata,Delhi,37,40.0
392219,New Wanderers Stadium,2,Delhi,Kolkata,47,38.0
392220,De Beers Diamond Oval,1,Hyderabad,Rajasthan,42,37.0
392220,De Beers Diamond Oval,2,Rajasthan,Hyderabad,30,38.0
392221,SuperSport Park,1,Kolkata,Bangalore,38,36.0
392221,SuperSport Park,2,Bangalore,Kolkata,46,40.0
392222,SuperSport Park,1,Punjab,Mumbai,51,41.0
392222,SuperSport Park,2,Mumbai,Punjab,42,38.0
392223,Kingsmead,1,Delhi,Hyderabad,56,39.0
392223,Kingsmead,2,Hyderabad,Delhi,50,39.0
392224,Kingsmead,1,Chennai,Bangalore,52,37.0
392224,Kingsmead,2,Bangalore,Chennai,33,38.0
392225,Kingsmead,1,Rajasthan,Mumbai,42,36.0
392225,Kingsmead,2,Mumbai,Rajasthan,26,36.0
392226,OUTsurance Oval,1,Delhi,Punjab,38,40.0
392226,OUTsurance Oval,2,Punjab,Delhi,37,40.0
392227,St George's Park,1,Mumbai,Chennai,49,38.0
392227,St George's Park,2,Chennai,Mumbai,35,37.0
392228,New Wanderers Stadium,1,Kolkata,Hyderabad,31,37.0
392228,New Wanderers Stadium,2,Hyderabad,Kolkata,50,37.0
392229,New Wanderers Stadium,1,Punjab,Hyderabad,39,40.0
392229,New Wanderers Stadium,2,Hyderabad,Punjab,46,36.0
392230,OUTsurance Oval,1,Delhi,Rajasthan,35,38.0
392230,OUTsurance Oval,2,Rajasthan,Delhi,24,39.0
392231,SuperSport Park,1,Chennai,Kolkata,54,39.0
392231,SuperSport Park,2,Kolkata,Chennai,56,37.0
392232,New Wanderers Stadium,1,Delhi,Bangalore,37,36.0
392232,New Wanderers Stadium,2,Bangalore,Delhi,27,36.0
392233,Kingsmead,1,Rajasthan,Kolkata,46,37.0
392233,Kingsmead,2,Kolkata,Rajasthan,29,37.0
392234,Kingsmead,1,Chennai,Punjab,50,36.0
392234,Kingsmead,2,Punjab,Chennai,29,37.0
392235,SuperSport Park,1,Mumbai,Delhi,30,42.0
392235,SuperSport Park,2,Delhi,Mumbai,60,36.0
392236,SuperSport Park,1,Bangalore,Hyderabad,33,36.0
392236,SuperSport Park,2,Hyderabad,Bangalore,64,38.0
392237,SuperSport Park,1,Delhi,Hyderabad,49,38.0
392237,SuperSport Park,2,Hyderabad,Delhi,84,41.0
392238,New Wanderers Stadium,1,Chennai,Bangalore,52,36.0
392238,New Wanderers Stadium,2,Bangalore,Chennai,59,37.0
392239,New Wanderers Stadium,1,Hyderabad,Bangalore,31,39.0
392239,New Wanderers Stadium,2,Bangalore,Hyderabad,36,37.0
419106,Dr DY Patil Sports Academy,1,Kolkata,Hyderabad,38,39.0
419106,Dr DY Patil Sports Academy,2,Hyderabad,Kolkata,62,39.0
419107,Brabourne Stadium,1,Mumbai,Rajasthan,69,42.0
419107,Brabourne Stadium,2,Rajasthan,Mumbai,39,36.0
419108,Punjab Cricket Association Stadium,1,Punjab,Delhi,44,39.0
419108,Punjab Cricket Association Stadium,2,Delhi,Punjab,39,38.0
419109,Eden Gardens,1,Bangalore,Kolkata,24,37.0
419109,Eden Gardens,2,Kolkata,Bangalore,61,36.0
419110,MA Chidambaram Stadium,1,Hyderabad,Chennai,57,40.0
419110,MA Chidambaram Stadium,2,Chennai,Hyderabad,34,36.0
419111,Sardar Patel Stadium,1,Rajasthan,Delhi,47,37.0
419111,Sardar Patel Stadium,2,Delhi,Rajasthan,60,39.0
419112,M Chinnaswamy Stadium,1,Punjab,Bangalore,50,41.0
419112,M Chinnaswamy Stadium,2,Bangalore,Punjab,61,40.0
419113,Eden Gardens,1,Chennai,Kolkata,31,36.0
419113,Eden Gardens,2,Kolkata,Chennai,45,37.0
419114,Feroz Shah Kotla,1,Mumbai,Delhi,67,37.0
419114,Feroz Shah Kotla,2,Delhi,Mumbai,56,37.0
419115,M Chinnaswamy Stadium,1,Rajasthan,Bangalore,31,39.0
419115,M Chinnaswamy Stadium,2,Bangalore,Rajasthan,59,40.0
419116,Feroz Shah Kotla,1,Delhi,Chennai,52,37.0
419116,Feroz Shah Kotla,2,Chennai,Delhi,56,37.0
419117,Barabati Stadium,1,Hyderabad,Punjab,56,37.0
419117,Barabati Stadium,2,Punjab,Hyderabad,27,37.0
419118,Sardar Patel Stadium,1,Rajasthan,Kolkata,56,38.0
419118,Sardar Patel Stadium,2,Kolkata,Rajasthan,38,36.0
419119,Brabourne Stadium,1,Mumbai,Bangalore,45,40.0
419119,Brabourne Stadium,2,Bangalore,Mumbai,55,36.0
419120,Barabati Stadium,1,Hyderabad,Delhi,47,37.0
419120,Barabati Stadium,2,Delhi,Hyderabad,48,36.0
419121,MA Chidambaram Stadium,1,Punjab,Chennai,38,36.0
419121,MA Chidambaram Stadium,2,Chennai,Punjab,42,40.0
419122,Brabourne Stadium,1,Kolkata,Mumbai,41,39.0
419122,Brabourne Stadium,2,Mumbai,Kolkata,57,39.0
419123,M Chinnaswamy Stadium,1,Bangalore,Chennai,38,38.0
419123,M Chinnaswamy Stadium,2,Chennai,Bangalore,29,40.0
419124,Punjab Cricket Association Stadium,1,Rajasthan,Punjab,53,39.0
419124,Punjab Cricket Association Stadium,2,Punjab,Rajasthan,76,38.0
419125,Brabourne Stadium,1,Chennai,Mumbai,51,40.0
419125,Brabourne Stadium,2,Mumbai,Chennai,63,41.0
419126,Sardar Patel Stadium,1,Hyderabad,Rajasthan,55,39.0
419126,Sardar Patel Stadium,2,Rajasthan,Hyderabad,54,36.0
419127,Punjab Cricket Association Stadium,1,Kolkata,Punjab,50,40.0
419127,Punjab Cricket Association Stadium,2,Punjab,Kolkata,42,39.0
419128,M Chinnaswamy Stadium,1,Delhi,Bangalore,64,37.0
419128,M Chinnaswamy Stadium,2,Bangalore,Delhi,46,38.0
419129,Sardar Patel Stadium,1,Rajasthan,Chennai,58,38.0
419129,Sardar Patel Stadium,2,Chennai,Rajasthan,58,36.0
419130,Dr DY Patil Sports Academy,1,Mumbai,Hyderabad,52,40.0
419130,Dr DY Patil Sports Academy,2,Hyderabad,Mumbai,50,38.0
419131,Feroz Shah Kotla,1,Delhi,Kolkata,62,39.0
419131,Feroz Shah Kotla,2,Kolkata,Delhi,36,38.0
419132,Brabourne Stadium,1,Punjab,Mumbai,48,37.0
419132,Brabourne Stadium,2,Mumbai,Punjab,45,38.0
419133,MA Chidambaram Stadium,1,Bangalore,Chennai,52,39.0
419133,MA Chidambaram Stadium,2,Chennai,Bangalore,56,36.0
419134,Feroz Shah Kotla,1,Delhi,Rajasthan,52,38.0
419134,Feroz Shah Kotla,2,Rajasthan,Delhi,39,37.0
419135,Eden Gardens,1,Kolkata,Hyderabad,46,37.0
419135,Eden Gardens,2,Hyderabad,Kolkata,59,38.0
419136,Punjab Cricket Association Stadium,1,Punjab,Bangalore,41,36.0
419136,Punjab Cricket Association Stadium,2,Bangalore,Punjab,51,37.0
419137,MA Chidambaram Stadium,1,Chennai,Rajasthan,66,36.0
419137,MA Chidambaram Stadium,2,Rajasthan,Chennai,62,37.0
419138,Brabourne Stadium,1,Mumbai,Hyderabad,53,39.0
419138,Brabourne Stadium,2,Hyderabad,Mumbai,40,36.0
419139,Eden Gardens,1,Kolkata,Punjab,53,39.0
419139,Eden Gardens,2,Punjab,Kolkata,69,37.0
419140,Feroz Shah Kotla,1,Delhi,Bangalore,54,37.0
419140,Feroz Shah Kotla,2,Bangalore,Delhi,38,37.0
419141,Vidarbha Cricket Association Stadium,1,Rajasthan,Hyderabad,48,37.0
419141,Vidarbha Cricket Association Stadium,2,Hyderabad,Rajasthan,52,41.0
419142,MA Chidambaram Stadium,1,Chennai,Mumbai,42,38.0
419142,MA Chidambaram Stadium,2,Mumbai,Chennai,46,38.0
419143,Sawai Mansingh Stadium,1,Punjab,Rajasthan,52,39.0
419143,Sawai Mansingh Stadium,2,Rajasthan,Punjab,70,40.0
419144,Eden Gardens,1,Kolkata,Delhi,50,40.0
419144,Eden Gardens,2,Delhi,Kolkata,44,37.0
419145,M Chinnaswamy Stadium,1,Bangalore,Hyderabad,46,42.0
419145,M Chinnaswamy Stadium,2,Hyderabad,Bangalore,32,37.0
419146,Punjab Cricket Association Stadium,1,Mumbai,Punjab,51,36.0
419146,Punjab Cricket Association Stadium,2,Punjab,Mumbai,56,36.0
419147,Vidarbha Cricket Association Stadium,1,Chennai,Hyderabad,55,38.0
419147,Vidarbha Cricket Association Stadium,2,Hyderabad,Chennai,37,39.0
419148,M Chinnaswamy Stadium,1,Kolkata,Bangalore,61,39.0
419148,M Chinnaswamy Stadium,2,Bangalore,Kolkata,48,37.0
419149,Feroz Shah Kotla,1,Delhi,Punjab,45,39.0
419149,Feroz Shah Kotla,2,Punjab,Delhi,39,36.0
419150,Sawai Mansingh Stadium,1,Mumbai,Rajasthan,47,39.0
419150,Sawai Mansingh Stadium,2,Rajasthan,Mumbai,34,37.0
419151,Vidarbha Cricket Association Stadium,1,Hyderabad,Bangalore,35,37.0
419151,Vidarbha Cricket Association Stadium,2,Bangalore,Hyderabad,38,38.0
419152,Brabourne Stadium,1,Mumbai,Delhi,44,40.0
419152,Brabourne Stadium,2,Delhi,Mumbai,69,37.0
419153,MA Chidambaram Stadium,1,Kolkata,Chennai,22,37.0
419153,MA Chidambaram Stadium,2,Chennai,Kolkata,67,39.0
419154,Sawai Mansingh Stadium,1,Rajasthan,Bangalore,30,37.0
419154,Sawai Mansingh Stadium,2,Bangalore,Rajasthan,59,36.0
419155,MA Chidambaram Stadium,1,Chennai,Delhi,39,38.0
419155,MA Chidambaram Stadium,2,Delhi,Chennai,33,37.0
419156,Himachal Pradesh Cricket Association Stadium,1,Punjab,Hyderabad,43,38.0
419156,Himachal Pradesh Cricket Association Stadium,2,Hyderabad,Punjab,45,39.0
419157,M Chinnaswamy Stadium,1,Mumbai,Bangalore,34,38.0
419157,M Chinnaswamy Stadium,2,Bangalore,Mumbai,34,36.0
419158,Eden Gardens,1,Rajasthan,Kolkata,46,36.0
419158,Eden Gardens,2,Kolkata,Rajasthan,42,40.0
419159,Himachal Pradesh Cricket Association Stadium,1,Punjab,Chennai,49,38.0
419159,Himachal Pradesh Cricket Association Stadium,2,Chennai,Punjab,49,38.0
419160,Feroz Shah Kotla,1,Hyderabad,Delhi,38,36.0
419160,Feroz Shah Kotla,2,Delhi,Hyderabad,39,36.0
419161,Eden Gardens,1,Mumbai,Kolkata,42,37.0
419161,Eden Gardens,2,Kolkata,Mumbai,44,38.0
419162,Dr DY Patil Sports Academy,1,Mumbai,Bangalore,54,40.0
419162,Dr DY Patil Sports Academy,2,Bangalore,Mumbai,44,36.0
419163,Dr DY Patil Sports Academy,1,Chennai,Hyderabad,39,39.0
419163,Dr DY Patil Sports Academy,2,Hyderabad,Chennai,23,36.0
419164,Dr DY Patil Sports Academy,1,Hyderabad,Bangalore,27,38.0
419164,Dr DY Patil Sports Academy,2,Bangalore,Hyderabad,33,37.0
419165,Dr DY Patil Sports Academy,1,Chennai,Mumbai,40,37.0
419165,Dr DY Patil Sports Academy,2,Mumbai,Chennai,33,38.0
501198,MA Chidambaram Stadium,1,Chennai,Kolkata,45,37.0
501198,MA Chidambaram Stadium,2,Kolkata,Chennai,52,38.0
501199,Rajiv Gandhi International Stadium,1,Hyderabad,Rajasthan,44,36.0
501199,Rajiv Gandhi International Stadium,2,Rajasthan,Hyderabad,31,38.0
501200,Nehru Stadium,1,Kerala,Bangalore,61,37.0
501200,Nehru Stadium,2,Bangalore,Kerala,48,40.0
501201,Feroz Shah Kotla,1,Delhi,Mumbai,38,37.0
501201,Feroz Shah Kotla,2,Mumbai,Delhi,31,39.0
501202,Dr DY Patil Sports Academy,1,Punjab,Pune,36,37.0
501202,Dr DY Patil Sports Academy,2,Pune,Punjab,44,37.0
501203,Eden Gardens,1,Kolkata,Hyderabad,46,36.0
501203,Eden Gardens,2,Hyderabad,Kolkata,30,37.0
501204,Sawai Mansingh Stadium,1,Delhi,Rajasthan,30,38.0
501204,Sawai Mansingh Stadium,2,Rajasthan,Delhi,57,39.0
501205,M Chinnaswamy Stadium,1,Bangalore,Mumbai,24,37.0
501205,M Chinnaswamy Stadium,2,Mumbai,Bangalore,40,37.0
501206,Punjab Cricket Association Stadium,1,Chennai,Punjab,31,36.0
501206,Punjab Cricket Association Stadium,2,Punjab,Chennai,65,37.0
501207,Dr DY Patil Sports Academy,1,Kerala,Pune,37,36.0
501207,Dr DY Patil Sports Academy,2,Pune,Kerala,44,40.0
501208,Rajiv Gandhi International Stadium,1,Hyderabad,Bangalore,41,40.0
501208,Rajiv Gandhi International Stadium,2,Bangalore,Hyderabad,28,37.0
501209,Sawai Mansingh Stadium,1,Rajasthan,Kolkata,31,41.0
501209,Sawai Mansingh Stadium,2,Kolkata,Rajasthan,62,38.0
501210,Wankhede Stadium,1,Mumbai,Kerala,44,37.0
501210,Wankhede Stadium,2,Kerala,Mumbai,50,38.0
501211,MA Chidambaram Stadium,1,Chennai,Bangalore,45,36.0
501211,MA Chidambaram Stadium,2,Bangalore,Chennai,33,37.0
501212,Rajiv Gandhi International Stadium,1,Hyderabad,Punjab,48,36.0
501212,Rajiv Gandhi International Stadium,2,Punjab,Hyderabad,62,40.0
501213,Dr DY Patil Sports Academy,1,Pune,Delhi,63,38.0
501213,Dr DY Patil Sports Academy,2,Delhi,Pune,67,38.0
501214,Eden Gardens,1,Rajasthan,Kolkata,36,37.0
501214,Eden Gardens,2,Kolkata,Rajasthan,26,38.0
501215,Nehru Stadium,1,Chennai,Kerala,42,38.0
501215,Nehru Stadium,2,Kerala,Chennai,49,36.0
501216,Feroz Shah Kotla,1,Hyderabad,Delhi,43,38.0
501216,Feroz Shah Kotla,2,Delhi,Hyderabad,38,36.0
501218,Wankhede Stadium,1,Pune,Mumbai,33,37.0
501218,Wankhede Stadium,2,Mumbai,Pune,32,36.0
501219,Eden Gardens,1,Kerala,Kolkata,45,37.0
501219,Eden Gardens,2,Kolkata,Kerala,37,36.0
501220,Punjab Cricket Association Stadium,1,Punjab,Rajasthan,77,41.0
501220,Punjab Cricket Association Stadium,2,Rajasthan,Punjab,45,36.0
501221,Wankhede Stadium,1,Mumbai,Chennai,40,38.0
501221,Wankhede Stadium,2,Chennai,Mumbai,44,39.0
501222,Eden Gardens,1,Kolkata,Bangalore,50,40.0
501222,Eden Gardens,2,Bangalore,Kolkata,57,37.0
501223,Feroz Shah Kotla,1,Delhi,Punjab,70,40.0
501223,Feroz Shah Kotla,2,Punjab,Delhi,46,38.0
501224,Rajiv Gandhi International Stadium,1,Mumbai,Hyderabad,57,37.0
501224,Rajiv Gandhi International Stadium,2,Hyderabad,Mumbai,41,36.0
501225,Sawai Mansingh Stadium,1,Kerala,Rajasthan,32,37.0
501225,Sawai Mansingh Stadium,2,Rajasthan,Kerala,38,37.0
501226,MA Chidambaram Stadium,1,Chennai,Pune,45,37.0
501226,MA Chidambaram Stadium,2,Pune,Chennai,40,37.0
501227,Feroz Shah Kotla,1,Delhi,Bangalore,42,37.0
501227,Feroz Shah Kotla,2,Bangalore,Delhi,65,38.0
501228,Dr DY Patil Sports Academy,1,Pune,Chennai,37,37.0
501228,Dr DY Patil Sports Academy,2,Chennai,Pune,28,39.0
501229,Nehru Stadium,1,Hyderabad,Kerala,20,40.0
501229,Nehru Stadium,2,Kerala,Hyderabad,29,39.0
501230,Feroz Shah Kotla,1,Kolkata,Delhi,42,37.0
501230,Feroz Shah Kotla,2,Delhi,Kolkata,41,38.0
501231,Sawai Mansingh Stadium,1,Mumbai,Rajasthan,31,37.0
501231,Sawai Mansingh Stadium,2,Rajasthan,Mumbai,18,36.0
501232,M Chinnaswamy Stadium,1,Bangalore,Pune,57,36.0
501232,M Chinnaswamy Stadium,2,Pune,Bangalore,42,39.0
501233,Nehru Stadium,1,Delhi,Kerala,34,39.0
501233,Nehru Stadium,2,Kerala,Delhi,37,37.0
501234,Eden Gardens,1,Punjab,Kolkata,40,38.0
501234,Eden Gardens,2,Kolkata,Punjab,45,36.0
501235,Sawai Mansingh Stadium,1,Pune,Rajasthan,49,36.0
501235,Sawai Mansingh Stadium,2,Rajasthan,Pune,34,37.0
501236,MA Chidambaram Stadium,1,Chennai,Hyderabad,34,37.0
501236,MA Chidambaram Stadium,2,Hyderabad,Chennai,64,39.0
501237,Wankhede Stadium,1,Mumbai,Punjab,35,36.0
501237,Wankhede Stadium,2,Punjab,Mumbai,24,36.0
501238,Feroz Shah Kotla,1,Delhi,Kerala,42,37.0
501238,Feroz Shah Kotla,2,Kerala,Delhi,67,44.0
501239,Rajiv Gandhi International Stadium,1,Kolkata,Hyderabad,41,39.0
501239,Rajiv Gandhi International Stadium,2,Hyderabad,Kolkata,41,36.0
501240,MA Chidambaram Stadium,1,Rajasthan,Chennai,47,36.0
501240,MA Chidambaram Stadium,2,Chennai,Rajasthan,43,38.0
501241,Dr DY Patil Sports Academy,1,Mumbai,Pune,49,37.0
501241,Dr DY Patil Sports Academy,2,Pune,Mumbai,31,38.0
501242,Nehru Stadium,1,Kerala,Kolkata,35,37.0
501242,Nehru Stadium,2,Kolkata,Kerala,43,37.0
501243,Rajiv Gandhi International Stadium,1,Hyderabad,Delhi,43,36.0
501243,Rajiv Gandhi International Stadium,2,Delhi,Hyderabad,29,42.0
501244,M Chinnaswamy Stadium,1,Bangalore,Punjab,48,36.0
501244,M Chinnaswamy Stadium,2,Punjab,Bangalore,38,38.0
501245,Eden Gardens,1,Chennai,Kolkata,15,37.0
501245,Eden Gardens,2,Kolkata,Chennai,33,38.0
501246,Wankhede Stadium,1,Mumbai,Delhi,50,38.0
501246,Wankhede Stadium,2,Delhi,Mumbai,23,37.0
501247,M Chinnaswamy Stadium,1,Kerala,Bangalore,49,37.0
501247,M Chinnaswamy Stadium,2,Bangalore,Kerala,79,39.0
501248,Punjab Cricket Association Stadium,1,Punjab,Pune,34,36.0
501248,Punjab Cricket Association Stadium,2,Pune,Punjab,40,38.0
501249,Sawai Mansingh Stadium,1,Chennai,Rajasthan,55,38.0
501249,Sawai Mansingh Stadium,2,Rajasthan,Chennai,48,37.0
501250,Rajiv Gandhi International Stadium,1,Hyderabad,Pune,50,37.0
501250,Rajiv Gandhi International Stadium,2,Pune,Hyderabad,52,37.0
501251,Punjab Cricket Association Stadium,1,Punjab,Mumbai,39,37.0
501251,Punjab Cricket Association Stadium,2,Mumbai,Punjab,33,37.0
501252,Sawai Mansingh Stadium,1,Rajasthan,Bangalore,43,38.0
501252,Sawai Mansingh Stadium,2,Bangalore,Rajasthan,66,37.0
501253,MA Chidambaram Stadium,1,Chennai,Delhi,42,36.0
501253,MA Chidambaram Stadium,2,Delhi,Chennai,52,36.0
501254,Holkar Cricket Stadium,1,Kerala,Punjab,62,41.0
501254,Holkar Cricket Stadium,2,Punjab,Kerala,49,39.0
501255,M Chinnaswamy Stadium,1,Kolkata,Bangalore,33,36.0
501255,M Chinnaswamy Stadium,2,Bangalore,Kolkata,65,38.0
501256,Wankhede Stadium,1,Hyderabad,Mumbai,32,36.0
501256,Wankhede Stadium,2,Mumbai,Hyderabad,26,37.0
501257,Himachal Pradesh Cricket Association Stadium,1,Punjab,Delhi,43,39.0
501257,Himachal Pradesh Cricket Association Stadium,2,Delhi,Punjab,42,39.0
501258,Holkar Cricket Stadium,1,Rajasthan,Kerala,32,36.0
501258,Holkar Cricket Stadium,2,Kerala,Rajasthan,87,39.0
501259,Dr DY Patil Sports Academy,1,Pune,Hyderabad,39,36.0
501259,Dr DY Patil Sports Academy,2,Hyderabad,Pune,57,40.0
501260,Himachal Pradesh Cricket Association Stadium,1,Punjab,Bangalore,30,38.0
501260,Himachal Pradesh Cricket Association Stadium,2,Bangalore,Punjab,34,40.0
501261,MA Chidambaram Stadium,1,Chennai,Kerala,41,36.0
501261,MA Chidambaram Stadium,2,Kerala,Chennai,40,38.0
501262,Dr DY Patil Sports Academy,1,Pune,Kolkata,29,37.0
501262,Dr DY Patil Sports Academy,2,Kolkata,Pune,44,37.0
501263,Wankhede Stadium,1,Mumbai,Rajasthan,26,36.0
501263,Wankhede Stadium,2,Rajasthan,Mumbai,52,37.0
501264,Himachal Pradesh Cricket Association Stadium,1,Hyderabad,Punjab,58,37.0
501264,Himachal Pradesh Cricket Association Stadium,2,Punjab,Hyderabad,45,37.0
501265,Feroz Shah Kotla,1,Delhi,Pune,33,37.0
501266,M Chinnaswamy Stadium,1,Chennai,Bangalore,23,39.0
501266,M Chinnaswamy Stadium,2,Bangalore,Chennai,44,37.0
501267,Eden Gardens,1,Kolkata,Mumbai,46,37.0
501267,Eden Gardens,2,Mumbai,Kolkata,54,37.0
501268,Wankhede Stadium,1,Bangalore,Chennai,44,38.0
501268,Wankhede Stadium,2,Chennai,Bangalore,25,38.0
501269,Wankhede Stadium,1,Kolkata,Mumbai,25,37.0
501269,Wankhede Stadium,2,Mumbai,Kolkata,62,36.0
501270,MA Chidambaram Stadium,1,Bangalore,Mumbai,68,39.0
501270,MA Chidambaram Stadium,2,Mumbai,Bangalore,52,37.0
501271,MA Chidambaram Stadium,1,Chennai,Bangalore,56,36.0
501271,MA Chidambaram Stadium,2,Bangalore,Chennai,47,36.0
548306,MA Chidambaram Stadium,1,Chennai,Mumbai,42,39.0
548306,MA Chidambaram Stadium,2,Mumbai,Chennai,53,38.0
548307,Eden Gardens,1,Kolkata,Delhi,46,38.0
548307,Eden Gardens,2,Delhi,Kolkata,48,37.0
548308,Wankhede Stadium,1,Pune,Mumbai,30,37.0
548308,Wankhede Stadium,2,Mumbai,Pune,27,39.0
548309,Sawai Mansingh Stadium,1,Rajasthan,Punjab,57,38.0
548309,Sawai Mansingh Stadium,2,Punjab,Rajasthan,45,38.0
548310,M Chinnaswamy Stadium,1,Bangalore,Delhi,46,37.0
548310,M Chinnaswamy Stadium,2,Delhi,Bangalore,46,37.0
548311,Dr  Y S  Rajasekhara Reddy ACA-VDCA Cricket Stadium,1,Chennai,Hyderabad,44,37.0
548311,Dr  Y S  Rajasekhara Reddy ACA-VDCA Cricket Stadium,2,Hyderabad,Chennai,45,39.0
548312,Sawai Mansingh Stadium,1,Rajasthan,Kolkata,37,37.0
548312,Sawai Mansingh Stadium,2,Kolkata,Rajasthan,27,38.0
548313,Subrata Roy Sahara Stadium,1,Pune,Punjab,38,37.0
548313,Subrata Roy Sahara Stadium,2,Punjab,Pune,19,36.0
548314,Dr  Y S  Rajasekhara Reddy ACA-VDCA Cricket Stadium,1,Hyderabad,Mumbai,45,36.0
548314,Dr  Y S  Rajasekhara Reddy ACA-VDCA Cricket Stadium,2,Mumbai,Hyderabad,29,36.0
548315,M Chinnaswamy Stadium,1,Kolkata,Bangalore,60,36.0
548315,M Chinnaswamy Stadium,2,Bangalore,Kolkata,20,36.0
548316,Feroz Shah Kotla,1,Chennai,Delhi,41,40.0
548316,Feroz Shah Kotla,2,Delhi,Chennai,50,36.0
548317,Wankhede Stadium,1,Mumbai,Rajasthan,54,36.0
548317,Wankhede Stadium,2,Rajasthan,Mumbai,44,36.0
548318,MA Chidambaram Stadium,1,Bangalore,Chennai,56,38.0
548318,MA Chidambaram Stadium,2,Chennai,Bangalore,52,36.0
548319,Punjab Cricket Association Stadium,1,Pune,Punjab,29,38.0
548319,Punjab Cricket Association Stadium,2,Punjab,Pune,38,36.0
548320,Eden Gardens,1,Rajasthan,Kolkata,45,36.0
548320,Eden Gardens,2,Kolkata,Rajasthan,36,38.0
548321,Feroz Shah Kotla,1,Hyderabad,Delhi,50,36.0
548321,Feroz Shah Kotla,2,Delhi,Hyderabad,34,37.0
548322,Subrata Roy Sahara Stadium,1,Chennai,Pune,43,36.0
548322,Subrata Roy Sahara Stadium,2,Pune,Chennai,56,38.0
548323,Eden Gardens,1,Punjab,Kolkata,26,37.0
548323,Eden Gardens,2,Kolkata,Punjab,48,38.0
548324,M Chinnaswamy Stadium,1,Rajasthan,Bangalore,43,36.0
548324,M Chinnaswamy Stadium,2,Bangalore,Rajasthan,54,36.0
548325,Wankhede Stadium,1,Mumbai,Delhi,23,37.0
548325,Wankhede Stadium,2,Delhi,Mumbai,41,39.0
548326,Sawai Mansingh Stadium,1,Hyderabad,Rajasthan,57,40.0
548326,Sawai Mansingh Stadium,2,Rajasthan,Hyderabad,62,39.0
548327,M Chinnaswamy Stadium,1,Pune,Bangalore,58,38.0
548327,M Chinnaswamy Stadium,2,Bangalore,Pune,42,39.0
548328,Punjab Cricket Association Stadium,1,Punjab,Kolkata,45,37.0
548328,Punjab Cricket Association Stadium,2,Kolkata,Punjab,53,36.0
548329,Rajiv Gandhi International Stadium,1,Hyderabad,Delhi,33,36.0
548329,Rajiv Gandhi International Stadium,2,Delhi,Hyderabad,64,37.0
548330,MA Chidambaram Stadium,1,Chennai,Pune,42,37.0
548330,MA Chidambaram Stadium,2,Pune,Chennai,53,36.0
548331,Punjab Cricket Association Stadium,1,Punjab,Bangalore,41,36.0
548331,Punjab Cricket Association Stadium,2,Bangalore,Punjab,36,38.0
548332,MA Chidambaram Stadium,1,Rajasthan,Chennai,41,37.0
548332,MA Chidambaram Stadium,2,Chennai,Rajasthan,45,36.0
548333,Feroz Shah Kotla,1,Pune,Delhi,52,38.0
548333,Feroz Shah Kotla,2,Delhi,Pune,49,36.0
548334,Wankhede Stadium,1,Mumbai,Punjab,39,37.0
548334,Wankhede Stadium,2,Punjab,Mumbai,48,36.0
548335,Barabati Stadium,1,Hyderabad,Kolkata,39,36.0
548335,Barabati Stadium,2,Kolkata,Hyderabad,42,38.0
548336,Sawai Mansingh Stadium,1,Bangalore,Rajasthan,37,36.0
548336,Sawai Mansingh Stadium,2,Rajasthan,Bangalore,48,38.0
548337,Subrata Roy Sahara Stadium,1,Pune,Delhi,28,36.0
548337,Subrata Roy Sahara Stadium,2,Delhi,Pune,61,37.0
548339,Punjab Cricket Association Stadium,1,Punjab,Mumbai,44,37.0
548339,Punjab Cricket Association Stadium,2,Mumbai,Punjab,40,37.0
548341,Subrata Roy Sahara Stadium,1,Hyderabad,Pune,50,36.0
548341,Subrata Roy Sahara Stadium,2,Pune,Hyderabad,44,38.0
548342,Feroz Shah Kotla,1,Delhi,Mumbai,54,37.0
548342,Feroz Shah Kotla,2,Mumbai,Delhi,49,37.0
548343,MA Chidambaram Stadium,1,Punjab,Chennai,43,40.0
548343,MA Chidambaram Stadium,2,Chennai,Punjab,48,36.0
548344,Eden Gardens,1,Kolkata,Bangalore,46,39.0
548344,Eden Gardens,2,Bangalore,Kolkata,35,37.0
548345,Feroz Shah Kotla,1,Delhi,Rajasthan,42,37.0
548345,Feroz Shah Kotla,2,Rajasthan,Delhi,40,37.0
548346,Wankhede Stadium,1,Hyderabad,Mumbai,38,36.0
548346,Wankhede Stadium,2,Mumbai,Hyderabad,31,39.0
548347,MA Chidambaram Stadium,1,Chennai,Kolkata,43,37.0
548347,MA Chidambaram Stadium,2,Kolkata,Chennai,37,42.0
548348,Barabati Stadium,1,Hyderabad,Pune,33,36.0
548348,Barabati Stadium,2,Pune,Hyderabad,48,36.0
548349,Sawai Mansingh Stadium,1,Rajasthan,Delhi,56,37.0
548349,Sawai Mansingh Stadium,2,Delhi,Rajasthan,61,36.0
548350,M Chinnaswamy Stadium,1,Bangalore,Punjab,33,36.0
548350,M Chinnaswamy Stadium,2,Punjab,Bangalore,53,37.0
548351,Subrata Roy Sahara Stadium,1,Mumbai,Pune,42,37.0
548351,Subrata Roy Sahara Stadium,2,Pune,Mumbai,37,37.0
548352,MA Chidambaram Stadium,1,Chennai,Hyderabad,56,37.0
548352,MA Chidambaram Stadium,2,Hyderabad,Chennai,47,36.0
548353,Eden Gardens,1,Kolkata,Pune,68,41.0
548353,Eden Gardens,2,Pune,Kolkata,45,40.0
548354,Punjab Cricket Association Stadium,1,Rajasthan,Punjab,64,38.0
548354,Punjab Cricket Association Stadium,2,Punjab,Rajasthan,33,39.0
548355,Wankhede Stadium,1,Chennai,Mumbai,52,38.0
548355,Wankhede Stadium,2,Mumbai,Chennai,46,36.0
548356,M Chinnaswamy Stadium,1,Hyderabad,Bangalore,46,38.0
548356,M Chinnaswamy Stadium,2,Bangalore,Hyderabad,46,36.0
548357,Feroz Shah Kotla,1,Delhi,Kolkata,50,36.0
548357,Feroz Shah Kotla,2,Kolkata,Delhi,60,37.0
548358,Subrata Roy Sahara Stadium,1,Pune,Rajasthan,35,37.0
548358,Subrata Roy Sahara Stadium,2,Rajasthan,Pune,49,36.0
548359,Rajiv Gandhi International Stadium,1,Punjab,Hyderabad,51,38.0
548359,Rajiv Gandhi International Stadium,2,Hyderabad,Punjab,40,38.0
548360,Wankhede Stadium,1,Mumbai,Bangalore,25,37.0
548360,Wankhede Stadium,2,Bangalore,Mumbai,35,36.0
548361,Sawai Mansingh Stadium,1,Rajasthan,Chennai,28,37.0
548361,Sawai Mansingh Stadium,2,Chennai,Rajasthan,36,40.0
548362,Subrata Roy Sahara Stadium,1,Bangalore,Pune,66,39.0
548362,Subrata Roy Sahara Stadium,2,Pune,Bangalore,50,36.0
548363,Eden Gardens,1,Mumbai,Kolkata,49,36.0
548363,Eden Gardens,2,Kolkata,Mumbai,32,36.0
548364,MA Chidambaram Stadium,1,Delhi,Chennai,27,37.0
548364,MA Chidambaram Stadium,2,Chennai,Delhi,45,37.0
548365,Sawai Mansingh Stadium,1,Rajasthan,Pune,45,37.0
548365,Sawai Mansingh Stadium,2,Pune,Rajasthan,33,37.0
548366,Punjab Cricket Association Stadium,1,Hyderabad,Punjab,47,37.0
548366,Punjab Cricket Association Stadium,2,Punjab,Hyderabad,44,37.0
548367,M Chinnaswamy Stadium,1,Bangalore,Mumbai,40,41.0
548367,M Chinnaswamy Stadium,2,Mumbai,Bangalore,32,40.0
548368,Eden Gardens,1,Kolkata,Chennai,50,36.0
548368,Eden Gardens,2,Chennai,Kolkata,51,37.0
548369,Feroz Shah Kotla,1,Punjab,Delhi,47,36.0
548369,Feroz Shah Kotla,2,Delhi,Punjab,37,37.0
548370,Wankhede Stadium,1,Kolkata,Mumbai,32,37.0
548370,Wankhede Stadium,2,Mumbai,Kolkata,26,37.0
548371,Himachal Pradesh Cricket Association Stadium,1,Chennai,Punjab,25,37.0
548371,Himachal Pradesh Cricket Association Stadium,2,Punjab,Chennai,43,38.0
548372,Feroz Shah Kotla,1,Bangalore,Delhi,42,38.0
548372,Feroz Shah Kotla,2,Delhi,Bangalore,51,37.0
548373,Rajiv Gandhi International Stadium,1,Rajasthan,Hyderabad,41,36.0
548373,Rajiv Gandhi International Stadium,2,Hyderabad,Rajasthan,58,40.0
548374,Himachal Pradesh Cricket Association Stadium,1,Punjab,Delhi,20,37.0
548374,Himachal Pradesh Cricket Association Stadium,2,Delhi,Punjab,44,37.0
548375,Subrata Roy Sahara Stadium,1,Kolkata,Pune,27,36.0
548375,Subrata Roy Sahara Stadium,2,Pune,Kolkata,40,38.0
548376,Rajiv Gandhi International Stadium,1,Hyderabad,Bangalore,23,37.0
548376,Rajiv Gandhi International Stadium,2,Bangalore,Hyderabad,40,37.0
548377,Sawai Mansingh Stadium,1,Rajasthan,Mumbai,31,39.0
548377,Sawai Mansingh Stadium,2,Mumbai,Rajasthan,44,40.0
548378,Subrata Roy Sahara Stadium,1,Kolkata,Delhi,48,37.0
548378,Subrata Roy Sahara Stadium,2,Delhi,Kolkata,49,38.0
548379,M Chinnaswamy Stadium,1,Chennai,Mumbai,30,37.0
548379,M Chinnaswamy Stadium,2,Mumbai,Chennai,54,39.0
548380,MA Chidambaram Stadium,1,Chennai,Delhi,52,37.0
548380,MA Chidambaram Stadium,2,Delhi,Chennai,46,38.0
548381,MA Chidambaram Stadium,1,Chennai,Kolkata,54,37.0
548381,MA Chidambaram Stadium,2,Kolkata,Chennai,56,39.0
597998,Eden Gardens,1,Delhi,Kolkata,45,38.0
597998,Eden Gardens,2,Kolkata,Delhi,46,37.0
597999,M Chinnaswamy Stadium,1,Bangalore,Mumbai,31,38.0
597999,M Chinnaswamy Stadium,2,Mumbai,Bangalore,38,36.0
598000,Rajiv Gandhi International Stadium,1,Hyderabad,Pune,38,38.0
598000,Rajiv Gandhi International Stadium,2,Pune,Hyderabad,27,37.0
598001,Feroz Shah Kotla,1,Rajasthan,Delhi,45,38.0
598001,Feroz Shah Kotla,2,Delhi,Rajasthan,39,37.0
598002,MA Chidambaram Stadium,1,Mumbai,Chennai,41,37.0
598002,MA Chidambaram Stadium,2,Chennai,Mumbai,36,37.0
598003,Subrata Roy Sahara Stadium,1,Pune,Punjab,24,36.0
598003,Subrata Roy Sahara Stadium,2,Punjab,Pune,56,37.0
598004,Rajiv Gandhi International Stadium,1,Bangalore,Hyderabad,40,38.0
598004,Rajiv Gandhi International Stadium,2,Hyderabad,Bangalore,37,39.0
598005,Sawai Mansingh Stadium,1,Rajasthan,Kolkata,35,37.0
598005,Sawai Mansingh Stadium,2,Kolkata,Rajasthan,40,40.0
598006,Wankhede Stadium,1,Mumbai,Delhi,38,37.0
598006,Wankhede Stadium,2,Delhi,Mumbai,46,37.0
598007,Punjab Cricket Association Stadium,1,Punjab,Chennai,43,36.0
598007,Punjab Cricket Association Stadium,2,Chennai,Punjab,38,37.0
598008,M Chinnaswamy Stadium,1,Kolkata,Bangalore,44,38.0
598008,M Chinnaswamy Stadium,2,Bangalore,Kolkata,43,38.0
598009,Subrata Roy Sahara Stadium,1,Rajasthan,Pune,44,37.0
598009,Subrata Roy Sahara Stadium,2,Pune,Rajasthan,64,38.0
598010,Feroz Shah Kotla,1,Delhi,Hyderabad,29,36.0
598010,Feroz Shah Kotla,2,Hyderabad,Delhi,38,37.0
598011,Wankhede Stadium,1,Mumbai,Pune,48,37.0
598011,Wankhede Stadium,2,Pune,Mumbai,40,38.0
598012,MA Chidambaram Stadium,1,Bangalore,Chennai,33,37.0
598012,MA Chidambaram Stadium,2,Chennai,Bangalore,31,38.0
598013,Eden Gardens,1,Kolkata,Hyderabad,48,36.0
598013,Eden Gardens,2,Hyderabad,Kolkata,39,37.0
598014,Sawai Mansingh Stadium,1,Punjab,Rajasthan,34,37.0
598014,Sawai Mansingh Stadium,2,Rajasthan,Punjab,48,39.0
598015,MA Chidambaram Stadium,1,Pune,Chennai,48,37.0
598015,MA Chidambaram Stadium,2,Chennai,Pune,38,37.0
598016,Punjab Cricket Association Stadium,1,Punjab,Kolkata,35,37.0
598016,Punjab Cricket Association Stadium,2,Kolkata,Punjab,45,36.0
598017,M Chinnaswamy Stadium,1,Delhi,Bangalore,43,38.0
598017,M Chinnaswamy Stadium,2,Bangalore,Delhi,48,37.0
598018,Subrata Roy Sahara Stadium,1,Hyderabad,Pune,25,38.0
598018,Subrata Roy Sahara Stadium,2,Pune,Hyderabad,41,36.0
598019,Sawai Mansingh Stadium,1,Rajasthan,Mumbai,58,37.0
598019,Sawai Mansingh Stadium,2,Mumbai,Rajasthan,26,38.0
598020,Feroz Shah Kotla,1,Chennai,Delhi,39,37.0
598020,Feroz Shah Kotla,2,Delhi,Chennai,32,40.0
598021,Rajiv Gandhi International Stadium,1,Punjab,Hyderabad,36,37.0
598021,Rajiv Gandhi International Stadium,2,Hyderabad,Punjab,33,36.0
598022,Eden Gardens,1,Kolkata,Chennai,47,37.0
598022,Eden Gardens,2,Chennai,Kolkata,27,37.0
598023,M Chinnaswamy Stadium,1,Rajasthan,Bangalore,31,36.0
598023,M Chinnaswamy Stadium,2,Bangalore,Rajasthan,48,39.0
598024,Feroz Shah Kotla,1,Mumbai,Delhi,24,36.0
598024,Feroz Shah Kotla,2,Delhi,Mumbai,60,37.0
598025,Punjab Cricket Association Stadium,1,Pune,Punjab,48,37.0
598025,Punjab Cricket Association Stadium,2,Punjab,Pune,55,36.0
598026,MA Chidambaram Stadium,1,Rajasthan,Chennai,55,37.0
598026,MA Chidambaram Stadium,2,Chennai,Rajasthan,58,36.0
598027,M Chinnaswamy Stadium,1,Bangalore,Pune,62,38.0
598027,M Chinnaswamy Stadium,2,Pune,Bangalore,43,37.0
598028,Himachal Pradesh Cricket Association Stadium,1,Punjab,Delhi,53,37.0
598028,Himachal Pradesh Cricket Association Stadium,2,Delhi,Punjab,21,36.0
598029,Eden Gardens,1,Kolkata,Mumbai,61,38.0
598029,Eden Gardens,2,Mumbai,Kolkata,42,36.0
598030,MA Chidambaram Stadium,1,Hyderabad,Chennai,40,38.0
598030,MA Chidambaram Stadium,2,Chennai,Hyderabad,58,39.0
598031,Eden Gardens,1,Punjab,Kolkata,45,36.0
598031,Eden Gardens,2,Kolkata,Punjab,45,36.0
598032,Sawai Mansingh Stadium,1,Hyderabad,Rajasthan,29,37.0
598032,Sawai Mansingh Stadium,2,Rajasthan,Hyderabad,30,37.0
598033,Wankhede Stadium,1,Mumbai,Bangalore,52,37.0
598033,Wankhede Stadium,2,Bangalore,Mumbai,35,37.0
598034,MA Chidambaram Stadium,1,Chennai,Kolkata,67,37.0
598034,MA Chidambaram Stadium,2,Kolkata,Chennai,63,39.0
598035,Shaheed Veer Narayan Singh International Stadium,1,Delhi,Pune,37,40.0
598035,Shaheed Veer Narayan Singh International Stadium,2,Pune,Delhi,43,37.0
598036,Sawai Mansingh Stadium,1,Bangalore,Rajasthan,55,39.0
598036,Sawai Mansingh Stadium,2,Rajasthan,Bangalore,45,37.0
598037,Wankhede Stadium,1,Mumbai,Punjab,36,37.0
598037,Wankhede Stadium,2,Punjab,Mumbai,55,38.0
598038,Subrata Roy Sahara Stadium,1,Chennai,Pune,29,36.0
598038,Subrata Roy Sahara Stadium,2,Pune,Chennai,46,38.0
598039,Rajiv Gandhi International Stadium,1,Mumbai,Hyderabad,41,39.0
598039,Rajiv Gandhi International Stadium,2,Hyderabad,Mumbai,36,36.0
598040,Shaheed Veer Narayan Singh International Stadium,1,Kolkata,Delhi,37,38.0
598040,Shaheed Veer Narayan Singh International Stadium,2,Delhi,Kolkata,34,37.0
598041,MA Chidambaram Stadium,1,Chennai,Punjab,36,36.0
598041,MA Chidambaram Stadium,2,Punjab,Chennai,36,36.0
598042,Subrata Roy Sahara Stadium,1,Bangalore,Pune,30,37.0
598042,Subrata Roy Sahara Stadium,2,Pune,Bangalore,39,38.0
598043,Eden Gardens,1,Rajasthan,Kolkata,34,40.0
598043,Eden Gardens,2,Kolkata,Rajasthan,48,38.0
598044,Rajiv Gandhi International Stadium,1,Delhi,Hyderabad,26,37.0
598044,Rajiv Gandhi International Stadium,2,Hyderabad,Delhi,41,37.0
598045,M Chinnaswamy Stadium,1,Bangalore,Punjab,31,36.0
598045,M Chinnaswamy Stadium,2,Punjab,Bangalore,46,39.0
598046,Wankhede Stadium,1,Mumbai,Chennai,32,39.0
598046,Wankhede Stadium,2,Chennai,Mumbai,32,37.0
598047,Sawai Mansingh Stadium,1,Pune,Rajasthan,61,39.0
598047,Sawai Mansingh Stadium,2,Rajasthan,Pune,53,38.0
598048,M Chinnaswamy Stadium,1,Hyderabad,Bangalore,40,36.0
598048,M Chinnaswamy Stadium,2,Bangalore,Hyderabad,47,37.0
598049,Sawai Mansingh Stadium,1,Delhi,Rajasthan,42,39.0
598049,Sawai Mansingh Stadium,2,Rajasthan,Delhi,49,38.0
598050,Wankhede Stadium,1,Mumbai,Kolkata,41,39.0
598050,Wankhede Stadium,2,Kolkata,Mumbai,38,36.0
598051,Rajiv Gandhi International Stadium,1,Chennai,Hyderabad,50,37.0
598051,Rajiv Gandhi International Stadium,2,Hyderabad,Chennai,49,39.0
598052,Punjab Cricket Association Stadium,1,Punjab,Rajasthan,37,36.0
598052,Punjab Cricket Association Stadium,2,Rajasthan,Punjab,38,36.0
598053,Subrata Roy Sahara Stadium,1,Kolkata,Pune,50,38.0
598053,Subrata Roy Sahara Stadium,2,Pune,Kolkata,34,38.0
598054,Feroz Shah Kotla,1,Bangalore,Delhi,40,38.0
598054,Feroz Shah Kotla,2,Delhi,Bangalore,49,37.0
598055,Subrata Roy Sahara Stadium,1,Pune,Mumbai,36,37.0
598055,Subrata Roy Sahara Stadium,2,Mumbai,Pune,37,38.0
598056,Punjab Cricket Association Stadium,1,Hyderabad,Punjab,37,37.0
598056,Punjab Cricket Association Stadium,2,Punjab,Hyderabad,41,36.0
598057,JSCA International Stadium Complex,1,Bangalore,Kolkata,22,37.0
598057,JSCA International Stadium Complex,2,Kolkata,Bangalore,31,37.0
598058,Sawai Mansingh Stadium,1,Chennai,Rajasthan,37,37.0
598058,Sawai Mansingh Stadium,2,Rajasthan,Chennai,24,36.0
598059,Feroz Shah Kotla,1,Delhi,Punjab,40,37.0
598059,Feroz Shah Kotla,2,Punjab,Delhi,56,37.0
598060,Wankhede Stadium,1,Hyderabad,Mumbai,52,40.0
598060,Wankhede Stadium,2,Mumbai,Hyderabad,39,37.0
598061,JSCA International Stadium Complex,1,Pune,Kolkata,42,36.0
598061,JSCA International Stadium Complex,2,Kolkata,Pune,33,39.0
598062,MA Chidambaram Stadium,1,Chennai,Delhi,47,37.0
598062,MA Chidambaram Stadium,2,Delhi,Chennai,49,37.0
598063,Wankhede Stadium,1,Mumbai,Rajasthan,49,37.0
598063,Wankhede Stadium,2,Rajasthan,Mumbai,29,37.0
598064,Punjab Cricket Association Stadium,1,Bangalore,Punjab,58,36.0
598064,Punjab Cricket Association Stadium,2,Punjab,Bangalore,41,37.0
598065,Rajiv Gandhi International Stadium,1,Hyderabad,Rajasthan,21,38.0
598065,Rajiv Gandhi International Stadium,2,Rajasthan,Hyderabad,33,36.0
598066,Himachal Pradesh Cricket Association Stadium,1,Punjab,Mumbai,35,37.0
598066,Himachal Pradesh Cricket Association Stadium,2,Mumbai,Punjab,51,37.0
598067,Subrata Roy Sahara Stadium,1,Pune,Delhi,40,37.0
598067,Subrata Roy Sahara Stadium,2,Delhi,Pune,47,40.0
598068,M Chinnaswamy Stadium,1,Bangalore,Chennai,76,37.0
598068,M Chinnaswamy Stadium,2,Chennai,Bangalore,56,37.0
598069,Rajiv Gandhi International Stadium,1,Kolkata,Hyderabad,33,39.0
598069,Rajiv Gandhi International Stadium,2,Hyderabad,Kolkata,45,37.0
598070,Feroz Shah Kotla,1,Chennai,Mumbai,47,36.0
598070,Feroz Shah Kotla,2,Mumbai,Chennai,56,37.0
598071,Feroz Shah Kotla,1,Hyderabad,Rajasthan,27,36.0
598071,Feroz Shah Kotla,2,Rajasthan,Hyderabad,44,36.0
598072,Eden Gardens,1,Rajasthan,Mumbai,42,37.0
598072,Eden Gardens,2,Mumbai,Rajasthan,45,37.0
598073,Eden Gardens,1,Mumbai,Chennai,34,36.0
598073,Eden Gardens,2,Chennai,Mumbai,35,38.0
729279,Sheikh Zayed Stadium,1,Kolkata,Mumbai,31,39.0
729279,Sheikh Zayed Stadium,2,Mumbai,Kolkata,32,36.0
729281,Sharjah Cricket Stadium,1,Delhi,Bangalore,30,37.0
729281,Sharjah Cricket Stadium,2,Bangalore,Delhi,50,37.0
729283,Sheikh Zayed Stadium,1,Chennai,Punjab,70,40.0
729283,Sheikh Zayed Stadium,2,Punjab,Chennai,64,39.0
729285,Sheikh Zayed Stadium,1,Hyderabad,Rajasthan,41,39.0
729285,Sheikh Zayed Stadium,2,Rajasthan,Hyderabad,30,37.0
729287,Dubai International Cricket Stadium,1,Mumbai,Bangalore,49,39.0
729287,Dubai International Cricket Stadium,2,Bangalore,Mumbai,30,36.0
729289,Dubai International Cricket Stadium,1,Kolkata,Delhi,31,41.0
729289,Dubai International Cricket Stadium,2,Delhi,Kolkata,49,37.0
729291,Sharjah Cricket Stadium,1,Rajasthan,Punjab,54,38.0
729291,Sharjah Cricket Stadium,2,Punjab,Rajasthan,39,37.0
729293,Sheikh Zayed Stadium,1,Chennai,Delhi,34,37.0
729293,Sheikh Zayed Stadium,2,Delhi,Chennai,24,36.0
729295,Sharjah Cricket Stadium,1,Punjab,Hyderabad,43,36.0
729295,Sharjah Cricket Stadium,2,Hyderabad,Punjab,45,40.0
729297,Dubai International Cricket Stadium,1,Chennai,Rajasthan,51,37.0
729297,Dubai International Cricket Stadium,2,Rajasthan,Chennai,38,37.0
729299,Sharjah Cricket Stadium,1,Kolkata,Bangalore,42,37.0
729299,Sharjah Cricket Stadium,2,Bangalore,Kolkata,49,37.0
729301,Dubai International Cricket Stadium,1,Hyderabad,Delhi,55,38.0
729301,Dubai International Cricket Stadium,2,Delhi,Hyderabad,44,38.0
729303,Dubai International Cricket Stadium,1,Mumbai,Chennai,31,36.0
729303,Dubai International Cricket Stadium,2,Chennai,Mumbai,51,37.0
729305,Sheikh Zayed Stadium,1,Bangalore,Rajasthan,22,37.0
729305,Sheikh Zayed Stadium,2,Rajasthan,Bangalore,36,38.0
729307,Sheikh Zayed Stadium,1,Punjab,Kolkata,51,38.0
729307,Sheikh Zayed Stadium,2,Kolkata,Punjab,24,37.0
729309,Sharjah Cricket Stadium,1,Mumbai,Delhi,37,38.0
729309,Sharjah Cricket Stadium,2,Delhi,Mumbai,31,37.0
729311,Sharjah Cricket Stadium,1,Hyderabad,Chennai,37,36.0
729311,Sharjah Cricket Stadium,2,Chennai,Hyderabad,47,36.0
729313,Dubai International Cricket Stadium,1,Bangalore,Punjab,44,36.0
729313,Dubai International Cricket Stadium,2,Punjab,Bangalore,33,38.0
729315,Sheikh Zayed Stadium,1,Rajasthan,Kolkata,45,39.0
729315,Sheikh Zayed Stadium,2,Kolkata,Rajasthan,33,38.0
729317,Dubai International Cricket Stadium,1,Hyderabad,Mumbai,44,36.0
729317,Dubai International Cricket Stadium,2,Mumbai,Hyderabad,32,38.0
733971,JSCA International Stadium Complex,1,Chennai,Kolkata,43,36.0
733971,JSCA International Stadium Complex,2,Kolkata,Chennai,39,37.0
733973,Wankhede Stadium,1,Punjab,Mumbai,36,39.0
733973,Wankhede Stadium,2,Mumbai,Punjab,49,38.0
733975,Feroz Shah Kotla,1,Delhi,Rajasthan,46,36.0
733975,Feroz Shah Kotla,2,Rajasthan,Delhi,38,38.0
733977,M Chinnaswamy Stadium,1,Hyderabad,Bangalore,47,39.0
733977,M Chinnaswamy Stadium,2,Bangalore,Hyderabad,36,38.0
733979,Sardar Patel Stadium,1,Rajasthan,Kolkata,50,37.0
733979,Sardar Patel Stadium,2,Kolkata,Rajasthan,50,36.0
733981,Feroz Shah Kotla,1,Delhi,Chennai,46,37.0
733981,Feroz Shah Kotla,2,Chennai,Delhi,49,36.0
733983,Wankhede Stadium,1,Mumbai,Bangalore,50,38.0
733983,Wankhede Stadium,2,Bangalore,Mumbai,64,39.0
733985,Feroz Shah Kotla,1,Delhi,Kolkata,29,36.0
733985,Feroz Shah Kotla,2,Kolkata,Delhi,52,37.0
733987,Barabati Stadium,1,Punjab,Chennai,38,38.0
733987,Barabati Stadium,2,Chennai,Punjab,46,37.0
733989,Sardar Patel Stadium,1,Hyderabad,Rajasthan,50,36.0
733989,Sardar Patel Stadium,2,Rajasthan,Hyderabad,37,38.0
733991,M Chinnaswamy Stadium,1,Punjab,Bangalore,64,44.0
733991,M Chinnaswamy Stadium,2,Bangalore,Punjab,34,36.0
733993,Feroz Shah Kotla,1,Delhi,Hyderabad,52,37.0
733993,Feroz Shah Kotla,2,Hyderabad,Delhi,44,30.0
733995,Wankhede Stadium,1,Mumbai,Chennai,42,38.0
733995,Wankhede Stadium,2,Chennai,Mumbai,38,36.0
733997,Barabati Stadium,1,Punjab,Kolkata,49,38.0
733997,Barabati Stadium,2,Kolkata,Punjab,55,37.0
733999,M Chinnaswamy Stadium,1,Bangalore,Rajasthan,31,36.0
733999,M Chinnaswamy Stadium,2,Rajasthan,Bangalore,45,37.0
734001,Rajiv Gandhi International Stadium,1,Hyderabad,Mumbai,43,38.0
734001,Rajiv Gandhi International Stadium,2,Mumbai,Hyderabad,38,36.0
734003,JSCA International Stadium Complex,1,Rajasthan,Chennai,42,37.0
734003,JSCA International Stadium Complex,2,Chennai,Rajasthan,48,38.0
734005,M Chinnaswamy Stadium,1,Bangalore,Delhi,34,36.0
734005,M Chinnaswamy Stadium,2,Delhi,Bangalore,46,38.0
734007,Rajiv Gandhi International Stadium,1,Hyderabad,Punjab,55,41.0
734007,Rajiv Gandhi International Stadium,2,Punjab,Hyderabad,86,36.0
734009,Barabati Stadium,1,Mumbai,Kolkata,37,40.0
734009,Barabati Stadium,2,Kolkata,Mumbai,45,38.0
734011,Sardar Patel Stadium,1,Rajasthan,Delhi,52,36.0
734011,Sardar Patel Stadium,2,Delhi,Rajasthan,34,37.0
734013,JSCA International Stadium Complex,1,Chennai,Bangalore,39,36.0
734013,JSCA International Stadium Complex,2,Bangalore,Chennai,17,36.0
734015,Rajiv Gandhi International Stadium,1,Hyderabad,Kolkata,41,39.0
734015,Rajiv Gandhi International Stadium,2,Kolkata,Hyderabad,30,36.0
734017,Sardar Patel Stadium,1,Mumbai,Rajasthan,42,38.0
734017,Sardar Patel Stadium,2,Rajasthan,Mumbai,47,39.0
734019,Feroz Shah Kotla,1,Delhi,Punjab,55,40.0
734019,Feroz Shah Kotla,2,Punjab,Delhi,66,42.0
734021,Rajiv Gandhi International Stadium,1,Bangalore,Hyderabad,25,36.0
734021,Rajiv Gandhi International Stadium,2,Hyderabad,Bangalore,51,37.0
734023,Eden Gardens,1,Chennai,Kolkata,35,37.0
734023,Eden Gardens,2,Kolkata,Chennai,52,37.0
734025,Punjab Cricket Association Stadium,1,Punjab,Mumbai,48,38.0
734025,Punjab Cricket Association Stadium,2,Mumbai,Punjab,62,39.0
734027,Eden Gardens,1,Kolkata,Bangalore,45,38.0
734027,Eden Gardens,2,Bangalore,Kolkata,36,36.0
734029,JSCA International Stadium Complex,1,Chennai,Hyderabad,60,36.0
734029,JSCA International Stadium Complex,2,Hyderabad,Chennai,64,37.0
734031,Wankhede Stadium,1,Mumbai,Delhi,65,37.0
734031,Wankhede Stadium,2,Delhi,Mumbai,47,36.0
734033,Punjab Cricket Association Stadium,1,Punjab,Rajasthan,53,38.0
734033,Punjab Cricket Association Stadium,2,Rajasthan,Punjab,44,37.0
734035,M Chinnaswamy Stadium,1,Bangalore,Chennai,34,36.0
734035,M Chinnaswamy Stadium,2,Chennai,Bangalore,64,37.0
734037,Eden Gardens,1,Hyderabad,Kolkata,49,38.0
734037,Eden Gardens,2,Kolkata,Hyderabad,49,39.0
734039,Punjab Cricket Association Stadium,1,Delhi,Punjab,44,36.0
734039,Punjab Cricket Association Stadium,2,Punjab,Delhi,48,38.0
734041,Wankhede Stadium,1,Rajasthan,Mumbai,35,37.0
734041,Wankhede Stadium,2,Mumbai,Rajasthan,71,37.0
734043,Eden Gardens,1,Kolkata,Punjab,55,37.0
734043,Eden Gardens,2,Punjab,Kolkata,46,38.0
734045,Brabourne Stadium,1,Mumbai,Chennai,53,36.0
734045,Brabourne Stadium,2,Chennai,Mumbai,60,36.0
734047,Wankhede Stadium,1,Punjab,Chennai,70,38.0
734047,Wankhede Stadium,2,Chennai,Punjab,100,39.0
734049,M Chinnaswamy Stadium,1,Punjab,Kolkata,32,36.0
734049,M Chinnaswamy Stadium,2,Kolkata,Punjab,59,38.0
829705,Eden Gardens,1,Mumbai,Kolkata,37,37.0
829705,Eden Gardens,2,Kolkata,Mumbai,38,37.0
829707,MA Chidambaram Stadium,1,Chennai,Delhi,59,38.0
829707,MA Chidambaram Stadium,2,Delhi,Chennai,40,37.0
829709,Maharashtra Cricket Association Stadium,1,Rajasthan,Punjab,35,36.0
829709,Maharashtra Cricket Association Stadium,2,Punjab,Rajasthan,51,39.0
829711,MA Chidambaram Stadium,1,Chennai,Hyderabad,49,41.0
829711,MA Chidambaram Stadium,2,Hyderabad,Chennai,46,36.0
829713,Eden Gardens,1,Kolkata,Bangalore,53,37.0
829713,Eden Gardens,2,Bangalore,Kolkata,41,36.0
829715,Feroz Shah Kotla,1,Delhi,Rajasthan,51,37.0
829715,Feroz Shah Kotla,2,Rajasthan,Delhi,42,36.0
829717,Wankhede Stadium,1,Punjab,Mumbai,57,37.0
829717,Wankhede Stadium,2,Mumbai,Punjab,17,37.0
829719,M Chinnaswamy Stadium,1,Bangalore,Hyderabad,47,40.0
829719,M Chinnaswamy Stadium,2,Hyderabad,Bangalore,65,37.0
829721,Sardar Patel Stadium,1,Mumbai,Rajasthan,31,36.0
829721,Sardar Patel Stadium,2,Rajasthan,Mumbai,42,37.0
829723,Eden Gardens,1,Chennai,Kolkata,69,38.0
829723,Eden Gardens,2,Kolkata,Chennai,38,39.0
829725,Maharashtra Cricket Association Stadium,1,Punjab,Delhi,41,37.0
829725,Maharashtra Cricket Association Stadium,2,Delhi,Punjab,47,39.0
829727,Dr  Y S  Rajasekhara Reddy ACA-VDCA Cricket Stadium,1,Hyderabad,Rajasthan,35,38.0
829727,Dr  Y S  Rajasekhara Reddy ACA-VDCA Cricket Stadium,2,Rajasthan,Hyderabad,36,38.0
829729,Wankhede Stadium,1,Mumbai,Chennai,31,38.0
829729,Wankhede Stadium,2,Chennai,Mumbai,90,40.0
829731,Dr  Y S  Rajasekhara Reddy ACA-VDCA Cricket Stadium,1,Delhi,Hyderabad,40,39.0
829731,Dr  Y S  Rajasekhara Reddy ACA-VDCA Cricket Stadium,2,Hyderabad,Delhi,50,37.0
829733,Maharashtra Cricket Association Stadium,1,Punjab,Kolkata,48,36.0
829733,Maharashtra Cricket Association Stadium,2,Kolkata,Punjab,53,36.0
829735,Sardar Patel Stadium,1,Chennai,Rajasthan,39,36.0
829735,Sardar Patel Stadium,2,Rajasthan,Chennai,47,36.0
829737,M Chinnaswamy Stadium,1,Mumbai,Bangalore,48,39.0
829737,M Chinnaswamy Stadium,2,Bangalore,Mumbai,33,43.0
829739,Feroz Shah Kotla,1,Delhi,Kolkata,34,39.0
829739,Feroz Shah Kotla,2,Kolkata,Delhi,48,38.0
829741,Sardar Patel Stadium,1,Rajasthan,Punjab,43,38.0
829741,Sardar Patel Stadium,2,Punjab,Rajasthan,40,36.0
829743,Dr  Y S  Rajasekhara Reddy ACA-VDCA Cricket Stadium,1,Hyderabad,Kolkata,43,37.0
829743,Dr  Y S  Rajasekhara Reddy ACA-VDCA Cricket Stadium,2,Kolkata,Hyderabad,49,38.0
829745,M Chinnaswamy Stadium,1,Chennai,Bangalore,45,36.0
829745,M Chinnaswamy Stadium,2,Bangalore,Chennai,38,36.0
829747,Feroz Shah Kotla,1,Delhi,Mumbai,45,40.0
829747,Feroz Shah Kotla,2,Mumbai,Delhi,48,39.0
829749,Sardar Patel Stadium,1,Rajasthan,Bangalore,48,38.0
829749,Sardar Patel Stadium,2,Bangalore,Rajasthan,49,36.0
829751,Wankhede Stadium,1,Mumbai,Hyderabad,46,40.0
829751,Wankhede Stadium,2,Hyderabad,Mumbai,52,37.0
829753,MA Chidambaram Stadium,1,Chennai,Punjab,54,37.0
829753,MA Chidambaram Stadium,2,Punjab,Chennai,39,37.0
829757,Feroz Shah Kotla,1,Delhi,Bangalore,38,40.0
829757,Feroz Shah Kotla,2,Bangalore,Delhi,50,37.0
829759,Punjab Cricket Association Stadium,1,Hyderabad,Punjab,56,36.0
829759,Punjab Cricket Association Stadium,2,Punjab,Hyderabad,36,41.0
829761,Eden Gardens,1,Kolkata,Delhi,50,39.0
829761,Eden Gardens,2,Delhi,Kolkata,36,38.0
829763,M Chinnaswamy Stadium,1,Bangalore,Rajasthan,52,38.0
829765,MA Chidambaram Stadium,1,Chennai,Kolkata,53,37.0
829765,MA Chidambaram Stadium,2,Kolkata,Chennai,54,37.0
829767,Feroz Shah Kotla,1,Punjab,Delhi,27,37.0
829767,Feroz Shah Kotla,2,Delhi,Punjab,41,38.0
829769,Wankhede Stadium,1,Mumbai,Rajasthan,47,38.0
829769,Wankhede Stadium,2,Rajasthan,Mumbai,55,39.0
829771,M Chinnaswamy Stadium,1,Kolkata,Bangalore,61,39.0
829771,M Chinnaswamy Stadium,2,Bangalore,Kolkata,62,39.0
829773,Rajiv Gandhi International Stadium,1,Hyderabad,Chennai,76,37.0
829773,Rajiv Gandhi International Stadium,2,Chennai,Hyderabad,54,37.0
829775,Punjab Cricket Association Stadium,1,Mumbai,Punjab,51,36.0
829775,Punjab Cricket Association Stadium,2,Punjab,Mumbai,45,37.0
829777,Brabourne Stadium,1,Rajasthan,Delhi,43,39.0
829777,Brabourne Stadium,2,Delhi,Rajasthan,55,40.0
829779,MA Chidambaram Stadium,1,Chennai,Bangalore,37,36.0
829779,MA Chidambaram Stadium,2,Bangalore,Chennai,42,36.0
829781,Eden Gardens,1,Kolkata,Hyderabad,55,36.0
829781,Eden Gardens,2,Hyderabad,Kolkata,33,38.0
829783,Wankhede Stadium,1,Delhi,Mumbai,44,37.0
829783,Wankhede Stadium,2,Mumbai,Delhi,41,39.0
829785,M Chinnaswamy Stadium,1,Bangalore,Punjab,68,39.0
829785,M Chinnaswamy Stadium,2,Punjab,Bangalore,34,37.0
829787,Brabourne Stadium,1,Hyderabad,Rajasthan,56,37.0
829787,Brabourne Stadium,2,Rajasthan,Hyderabad,36,36.0
829789,MA Chidambaram Stadium,1,Chennai,Mumbai,44,37.0
829789,MA Chidambaram Stadium,2,Mumbai,Chennai,61,37.0
829791,Eden Gardens,1,Punjab,Kolkata,45,36.0
829791,Eden Gardens,2,Kolkata,Punjab,57,37.0
829793,Shaheed Veer Narayan Singh International Stadium,1,Hyderabad,Delhi,41,38.0
829793,Shaheed Veer Narayan Singh International Stadium,2,Delhi,Hyderabad,49,36.0
829795,Wankhede Stadium,1,Bangalore,Mumbai,39,38.0
829795,Wankhede Stadium,2,Mumbai,Bangalore,45,38.0
829797,MA Chidambaram Stadium,1,Chennai,Rajasthan,36,37.0
829797,MA Chidambaram Stadium,2,Rajasthan,Chennai,40,36.0
829799,Rajiv Gandhi International Stadium,1,Hyderabad,Punjab,56,37.0
829799,Rajiv Gandhi International Stadium,2,Punjab,Hyderabad,47,36.0
829801,Shaheed Veer Narayan Singh International Stadium,1,Chennai,Delhi,16,36.0
829801,Shaheed Veer Narayan Singh International Stadium,2,Delhi,Chennai,28,36.0
829803,Punjab Cricket Association Stadium,1,Punjab,Bangalore,72,39.0
829803,Punjab Cricket Association Stadium,2,Bangalore,Punjab,61,38.0
829805,Wankhede Stadium,1,Mumbai,Kolkata,46,38.0
829805,Wankhede Stadium,2,Kolkata,Mumbai,50,38.0
829807,Rajiv Gandhi International Stadium,1,Hyderabad,Bangalore,68,39.0
829807,Rajiv Gandhi International Stadium,2,Bangalore,Hyderabad,83,36.0
829809,Punjab Cricket Association Stadium,1,Punjab,Chennai,41,36.0
829809,Punjab Cricket Association Stadium,2,Chennai,Punjab,47,38.0
829811,Brabourne Stadium,1,Rajasthan,Kolkata,66,36.0
829811,Brabourne Stadium,2,Kolkata,Rajasthan,53,40.0
829813,M Chinnaswamy Stadium,1,Delhi,Bangalore,54,38.0
829813,M Chinnaswamy Stadium,2,Bangalore,Delhi,2,7.0
829815,Rajiv Gandhi International Stadium,1,Hyderabad,Mumbai,29,38.0
829815,Rajiv Gandhi International Stadium,2,Mumbai,Hyderabad,38,38.0
829817,Wankhede Stadium,1,Mumbai,Chennai,48,39.0
829817,Wankhede Stadium,2,Chennai,Mumbai,54,38.0
829819,Maharashtra Cricket Association Stadium,1,Bangalore,Rajasthan,41,38.0
829819,Maharashtra Cricket Association Stadium,2,Rajasthan,Bangalore,40,36.0
829821,JSCA International Stadium Complex,1,Bangalore,Chennai,29,36.0
829821,JSCA International Stadium Complex,2,Chennai,Bangalore,34,36.0
829823,Eden Gardens,1,Mumbai,Chennai,61,37.0
829823,Eden Gardens,2,Chennai,Mumbai,31,37.0
980901,Wankhede Stadium,1,Mumbai,Pune,37,40.0
980901,Wankhede Stadium,2,Pune,Mumbai,57,37.0
980903,Eden Gardens,1,Delhi,Kolkata,35,38.0
980903,Eden Gardens,2,Kolkata,Delhi,47,38.0
980905,Punjab Cricket Association IS Bindra Stadium,1,Punjab,Gujarat,52,36.0
980905,Punjab Cricket Association IS Bindra Stadium,2,Gujarat,Punjab,57,38.0
980907,M Chinnaswamy Stadium,1,Bangalore,Hyderabad,49,38.0
980907,M Chinnaswamy Stadium,2,Hyderabad,Bangalore,56,37.0
980909,Eden Gardens,1,Kolkata,Mumbai,40,38.0
980909,Eden Gardens,2,Mumbai,Kolkata,53,39.0
980911,Saurashtra Cricket Association Stadium,1,Pune,Gujarat,57,36.0
980911,Saurashtra Cricket Association Stadium,2,Gujarat,Pune,62,37.0
980913,Feroz Shah Kotla,1,Punjab,Delhi,37,36.0
980913,Feroz Shah Kotla,2,Delhi,Punjab,28,36.0
980915,Rajiv Gandhi International Stadium,1,Hyderabad,Kolkata,36,40.0
980915,Rajiv Gandhi International Stadium,2,Kolkata,Hyderabad,36,37.0
980917,Wankhede Stadium,1,Mumbai,Gujarat,31,37.0
980917,Wankhede Stadium,2,Gujarat,Mumbai,42,37.0
980919,Punjab Cricket Association IS Bindra Stadium,1,Pune,Punjab,49,37.0
980919,Punjab Cricket Association IS Bindra Stadium,2,Punjab,Pune,50,38.0
980921,M Chinnaswamy Stadium,1,Bangalore,Delhi,63,36.0
980921,M Chinnaswamy Stadium,2,Delhi,Bangalore,51,39.0
980923,Rajiv Gandhi International Stadium,1,Mumbai,Hyderabad,40,39.0
980923,Rajiv Gandhi International Stadium,2,Hyderabad,Mumbai,33,38.0
980925,Punjab Cricket Association IS Bindra Stadium,1,Punjab,Kolkata,41,37.0
980925,Punjab Cricket Association IS Bindra Stadium,2,Kolkata,Punjab,65,38.0
980927,Wankhede Stadium,1,Bangalore,Mumbai,49,36.0
980927,Wankhede Stadium,2,Mumbai,Bangalore,51,38.0
980929,Saurashtra Cricket Association Stadium,1,Gujarat,Hyderabad,50,36.0
980929,Saurashtra Cricket Association Stadium,2,Hyderabad,Gujarat,63,39.0
980931,Maharashtra Cricket Association Stadium,1,Bangalore,Pune,48,38.0
980931,Maharashtra Cricket Association Stadium,2,Pune,Bangalore,36,38.0
980933,Feroz Shah Kotla,1,Delhi,Mumbai,41,39.0
980933,Feroz Shah Kotla,2,Mumbai,Delhi,52,36.0
980935,Rajiv Gandhi International Stadium,1,Punjab,Hyderabad,35,37.0
980935,Rajiv Gandhi International Stadium,2,Hyderabad,Punjab,65,36.0
980937,Saurashtra Cricket Association Stadium,1,Bangalore,Gujarat,50,36.0
980937,Saurashtra Cricket Association Stadium,2,Gujarat,Bangalore,72,39.0
980939,Maharashtra Cricket Association Stadium,1,Pune,Kolkata,31,36.0
980939,Maharashtra Cricket Association Stadium,2,Kolkata,Pune,59,40.0
980941,Punjab Cricket Association IS Bindra Stadium,1,Mumbai,Punjab,39,37.0
980941,Punjab Cricket Association IS Bindra Stadium,2,Punjab,Mumbai,40,36.0
980943,Rajiv Gandhi International Stadium,1,Hyderabad,Pune,27,36.0
980943,Rajiv Gandhi International Stadium,2,Pune,Hyderabad,46,41.0
980945,Feroz Shah Kotla,1,Gujarat,Delhi,71,36.0
980945,Feroz Shah Kotla,2,Delhi,Gujarat,22,36.0
980947,Wankhede Stadium,1,Kolkata,Mumbai,59,36.0
980947,Wankhede Stadium,2,Mumbai,Kolkata,64,38.0
980949,Maharashtra Cricket Association Stadium,1,Pune,Gujarat,48,37.0
980949,Maharashtra Cricket Association Stadium,2,Gujarat,Pune,72,40.0
980951,Feroz Shah Kotla,1,Delhi,Kolkata,37,37.0
980951,Feroz Shah Kotla,2,Kolkata,Delhi,43,36.0
980953,Rajiv Gandhi International Stadium,1,Hyderabad,Bangalore,49,38.0
980953,Rajiv Gandhi International Stadium,2,Bangalore,Hyderabad,45,37.0
980955,Saurashtra Cricket Association Stadium,1,Punjab,Gujarat,59,38.0
980955,Saurashtra Cricket Association Stadium,2,Gujarat,Punjab,36,37.0
980957,Maharashtra Cricket Association Stadium,1,Pune,Mumbai,54,37.0
980957,Maharashtra Cricket Association Stadium,2,Mumbai,Pune,47,37.0
980959,M Chinnaswamy Stadium,1,Bangalore,Kolkata,40,37.0
980959,M Chinnaswamy Stadium,2,Kolkata,Bangalore,37,38.0
980961,Saurashtra Cricket Association Stadium,1,Gujarat,Delhi,35,37.0
980961,Saurashtra Cricket Association Stadium,2,Delhi,Gujarat,61,37.0
980963,Eden Gardens,1,Kolkata,Punjab,40,36.0
980963,Eden Gardens,2,Punjab,Kolkata,37,38.0
980965,Feroz Shah Kotla,1,Delhi,Pune,48,38.0
980965,Feroz Shah Kotla,2,Pune,Delhi,50,36.0
980967,Rajiv Gandhi International Stadium,1,Gujarat,Hyderabad,26,36.0
980967,Rajiv Gandhi International Stadium,2,Hyderabad,Gujarat,38,37.0
980969,M Chinnaswamy Stadium,1,Pune,Bangalore,60,36.0
980969,M Chinnaswamy Stadium,2,Bangalore,Pune,46,36.0
980971,Punjab Cricket Association IS Bindra Stadium,1,Punjab,Delhi,45,36.0
980971,Punjab Cricket Association IS Bindra Stadium,2,Delhi,Punjab,51,36.0
980973,Dr  Y S  Rajasekhara Reddy ACA-VDCA Cricket Stadium,1,Hyderabad,Mumbai,51,36.0
980973,Dr  Y S  Rajasekhara Reddy ACA-VDCA Cricket Stadium,2,Mumbai,Hyderabad,32,36.0
980975,Eden Gardens,1,Kolkata,Gujarat,28,36.0
980975,Eden Gardens,2,Gujarat,Kolkata,46,37.0
980977,Punjab Cricket Association IS Bindra Stadium,1,Bangalore,Punjab,56,37.0
980977,Punjab Cricket Association IS Bindra Stadium,2,Punjab,Bangalore,50,38.0
980979,Dr  Y S  Rajasekhara Reddy ACA-VDCA Cricket Stadium,1,Hyderabad,Pune,34,38.0
980979,Dr  Y S  Rajasekhara Reddy ACA-VDCA Cricket Stadium,2,Pune,Hyderabad,25,36.0
980981,M Chinnaswamy Stadium,1,Bangalore,Mumbai,25,37.0
980981,M Chinnaswamy Stadium,2,Mumbai,Bangalore,39,38.0
980983,Rajiv Gandhi International Stadium,1,Hyderabad,Delhi,51,37.0
980983,Rajiv Gandhi International Stadium,2,Delhi,Hyderabad,50,37.0
980985,Dr  Y S  Rajasekhara Reddy ACA-VDCA Cricket Stadium,1,Mumbai,Punjab,21,37.0
980985,Dr  Y S  Rajasekhara Reddy ACA-VDCA Cricket Stadium,2,Punjab,Mumbai,32,38.0
980987,M Chinnaswamy Stadium,1,Bangalore,Gujarat,42,37.0
980987,M Chinnaswamy Stadium,2,Gujarat,Bangalore,41,37.0
980989,Eden Gardens,1,Pune,Kolkata,37,37.0
980989,Eden Gardens,2,Kolkata,Pune,66,34.0
980991,Punjab Cricket Association IS Bindra Stadium,1,Punjab,Hyderabad,47,36.0
980991,Punjab Cricket Association IS Bindra Stadium,2,Hyderabad,Punjab,55,37.0
980993,Dr  Y S  Rajasekhara Reddy ACA-VDCA Cricket Stadium,1,Mumbai,Delhi,45,36.0
980993,Dr  Y S  Rajasekhara Reddy ACA-VDCA Cricket Stadium,2,Delhi,Mumbai,49,36.0
980995,Eden Gardens,1,Kolkata,Bangalore,51,36.0
980995,Eden Gardens,2,Bangalore,Kolkata,63,36.0
980997,Dr  Y S  Rajasekhara Reddy ACA-VDCA Cricket Stadium,1,Delhi,Pune,28,36.0
980997,Dr  Y S  Rajasekhara Reddy ACA-VDCA Cricket Stadium,2,Pune,Delhi,44,41.0
980999,M Chinnaswamy Stadium,1,Bangalore,Punjab,63,37.0
980999,M Chinnaswamy Stadium,2,Punjab,Bangalore,59,40.0
981001,Green Park,1,Kolkata,Gujarat,44,39.0
981001,Green Park,2,Gujarat,Kolkata,55,39.0
981003,Shaheed Veer Narayan Singh International Stadium,1,Hyderabad,Delhi,46,36.0
981003,Shaheed Veer Narayan Singh International Stadium,2,Delhi,Hyderabad,37,40.0
981005,Dr  Y S  Rajasekhara Reddy ACA-VDCA Cricket Stadium,1,Punjab,Pune,52,39.0
981005,Dr  Y S  Rajasekhara Reddy ACA-VDCA Cricket Stadium,2,Pune,Punjab,44,37.0
981007,Green Park,1,Mumbai,Gujarat,49,36.0
981007,Green Park,2,Gujarat,Mumbai,70,38.0
981009,Eden Gardens,1,Kolkata,Hyderabad,48,36.0
981009,Eden Gardens,2,Hyderabad,Kolkata,48,36.0
981011,Shaheed Veer Narayan Singh International Stadium,1,Delhi,Bangalore,43,38.0
981011,Shaheed Veer Narayan Singh International Stadium,2,Bangalore,Delhi,49,37.0
981013,M Chinnaswamy Stadium,1,Gujarat,Bangalore,23,36.0
981013,M Chinnaswamy Stadium,2,Bangalore,Gujarat,31,38.0
981015,Feroz Shah Kotla,1,Hyderabad,Kolkata,43,37.0
981015,Feroz Shah Kotla,2,Kolkata,Hyderabad,46,36.0
981017,Feroz Shah Kotla,1,Gujarat,Hyderabad,38,39.0
981017,Feroz Shah Kotla,2,Hyderabad,Gujarat,46,37.0
981019,M Chinnaswamy Stadium,1,Hyderabad,Bangalore,59,38.0
981019,M Chinnaswamy Stadium,2,Bangalore,Hyderabad,59,39.0
1254065,Wankhede Stadium,1,Punjab,Rajasthan,26,
1254065,Wankhede Stadium,2,Rajasthan,Punjab,32,
1254069,Wankhede Stadium,1,Chennai,Rajasthan,46,
1254069,Wankhede Stadium,2,Rajasthan,Chennai,45,
1254070,MA Chidambaram Stadium,1,Mumbai,Delhi,55,
1254070,MA Chidambaram Stadium,2,Delhi,Mumbai,39,
1254071,MA Chidambaram Stadium,1,Punjab,Hyderabad,32,
1254071,MA Chidambaram Stadium,2,Hyderabad,Punjab,55,
1254072,Wankhede Stadium,1,Chennai,Kolkata,54,
1254072,Wankhede Stadium,2,Kolkata,Chennai,45,
1254073,Wankhede Stadium,1,Rajasthan,Bangalore,32,
1254073,Wankhede Stadium,2,Bangalore,Rajasthan,59,
1254074,MA Chidambaram Stadium,1,Mumbai,Punjab,21,
1254074,MA Chidambaram Stadium,2,Punjab,Mumbai,45,
1254075,Wankhede Stadium,1,Kolkata,Rajasthan,25,
1254075,Wankhede Stadium,2,Rajasthan,Kolkata,50,
1254076,Wankhede Stadium,1,Chennai,Bangalore,51,
1254076,Wankhede Stadium,2,Bangalore,Chennai,65,
1254077,MA Chidambaram Stadium,1,Delhi,Hyderabad,51,
1254077,MA Chidambaram Stadium,2,Hyderabad,Delhi,56,
1254078,Narendra Modi Stadium,1,Punjab,Kolkata,37,
1254078,Narendra Modi Stadium,2,Kolkata,Punjab,42,
1254079,Narendra Modi Stadium,1,Bangalore,Delhi,36,
1254079,Narendra Modi Stadium,2,Delhi,Bangalore,43,
1254080,Arun Jaitley Stadium,1,Hyderabad,Chennai,39,
1254080,Arun Jaitley Stadium,2,Chennai,Hyderabad,50,
1254081,Arun Jaitley Stadium,1,Rajasthan,Mumbai,47,
1254081,Arun Jaitley Stadium,2,Mumbai,Rajasthan,49,
1254082,Narendra Modi Stadium,1,Kolkata,Delhi,45,
1254082,Narendra Modi Stadium,2,Delhi,Kolkata,67,
1254083,Narendra Modi Stadium,1,Punjab,Bangalore,49,
1254083,Narendra Modi Stadium,2,Bangalore,Punjab,36,
1254084,Arun Jaitley Stadium,1,Chennai,Mumbai,49,
1254084,Arun Jaitley Stadium,2,Mumbai,Chennai,58,
1254085,Arun Jaitley Stadium,1,Rajasthan,Hyderabad,42,
1254085,Arun Jaitley Stadium,2,Hyderabad,Rajasthan,57,
1254086,Narendra Modi Stadium,1,Punjab,Delhi,39,
1254086,Narendra Modi Stadium,2,Delhi,Punjab,63,
